"Fecha","Último","Apertura","Máximo","Mínimo","Vol.","% var."
"16.11.2022","4.902,66","4.845,68","4.936,78","4.845,34","","1,23%"
"15.11.2022","4.843,00","4.805,31","4.849,22","4.767,21","","0,85%"
"14.11.2022","4.802,00","4.805,73","4.814,13","4.798,13","","0,02%"
"11.11.2022","4.801,10","4.806,08","4.810,50","4.798,61","","0,08%"
"10.11.2022","4.797,06","4.890,00","4.909,18","4.781,43","","-1,94%"
"09.11.2022","4.891,81","4.974,00","4.977,35","4.890,06","","-1,56%"
"08.11.2022","4.969,25","5.115,00","5.123,13","4.964,91","","-2,64%"
"07.11.2022","5.104,00","5.096,59","5.109,00","5.089,85","","0,33%"
"04.11.2022","5.087,00","5.068,85","5.118,17","4.999,92","","0,57%"
"03.11.2022","5.057,94","5.003,03","5.105,35","5.000,53","","1,20%"
"02.11.2022","4.998,03","5.003,50","5.010,30","4.969,93","","-0,10%"
"01.11.2022","5.003,00","4.936,60","5.015,25","4.887,83","","1,49%"
"31.10.2022","4.929,35","4.835,00","4.946,33","4.829,75","","2,22%"
"28.10.2022","4.822,08","4.800,00","4.867,71","4.760,04","","0,73%"
"27.10.2022","4.787,08","4.884,06","4.889,98","4.792,79","","-1,73%"
"26.10.2022","4.871,14","4.975,20","4.989,34","4.873,38","","-1,86%"
"25.10.2022","4.963,45","4.990,00","4.990,88","4.911,55","","-0,30%"
"24.10.2022","4.978,25","4.918,10","5.003,58","4.912,20","","1,47%"
"21.10.2022","4.906,35","4.904,00","4.960,13","4.877,55","","0,29%"
"20.10.2022","4.892,25","4.840,00","4.923,63","4.836,38","","1,20%"
"19.10.2022","4.834,13","4.762,10","4.859,79","4.759,71","","1,64%"
"18.10.2022","4.756,23","4.735,00","4.791,02","4.682,00","","0,57%"
"17.10.2022","4.729,13","4.698,00","4.735,94","4.693,23","","0,79%"
"14.10.2022","4.692,13","4.575,71","4.702,00","4.548,25","","2,68%"
"13.10.2022","4.569,83","4.607,90","4.661,35","4.574,52","","-0,70%"
"12.10.2022","4.602,03","4.607,25","4.628,06","4.597,65","","0,01%"
"11.10.2022","4.601,38","4.606,02","4.636,76","4.583,79","","0,03%"
"10.10.2022","4.600,15","4.620,00","4.620,00","4.602,57","","-0,30%"
"07.10.2022","4.614,13","4.613,50","4.637,31","4.575,87","","0,14%"
"06.10.2022","4.607,63","4.581,90","4.659,89","4.573,33","","0,69%"
"05.10.2022","4.576,03","4.496,50","4.584,94","4.491,50","","1,90%"
"04.10.2022","4.490,63","4.530,02","4.534,88","4.462,04","","-0,74%"
"03.10.2022","4.524,14","4.610,00","4.610,46","4.511,69","","-1,74%"
"30.09.2022","4.604,13","4.528,69","4.616,25","4.524,04","","1,80%"
"29.09.2022","4.522,82","4.490,00","4.548,50","4.486,52","","0,86%"
"28.09.2022","4.484,13","4.554,00","4.556,60","4.462,02","","-1,41%"
"27.09.2022","4.548,13","4.541,60","4.575,19","4.516,56","","0,14%"
"26.09.2022","4.541,60","4.438,51","4.551,38","4.434,94","","2,32%"
"23.09.2022","4.438,51","4.365,69","4.465,38","4.365,69","","1,68%"
"22.09.2022","4.365,10","4.408,00","4.408,00","4.365,10","","-0,97%"
"21.09.2022","4.408,00","4.426,25","4.430,44","4.395,60","","-0,41%"
"20.09.2022","4.426,25","4.407,00","4.435,79","4.400,30","","0,44%"
"19.09.2022","4.407,00","4.435,20","4.450,00","4.395,00","","-0,64%"
"16.09.2022","4.435,20","4.418,09","4.450,79","4.414,74","","0,39%"
"15.09.2022","4.418,09","4.390,74","4.426,69","4.383,25","","0,58%"
"14.09.2022","4.392,50","4.412,50","4.429,30","4.367,50","","-0,45%"
"13.09.2022","4.412,50","4.361,25","4.433,05","4.356,90","","1,18%"
"12.09.2022","4.361,25","4.353,00","4.371,40","4.324,00","","0,19%"
"09.09.2022","4.353,00","4.397,75","4.403,70","4.350,75","","-1,02%"
"08.09.2022","4.397,75","4.400,30","4.426,40","4.366,00","","-0,06%"
"07.09.2022","4.400,30","4.481,00","4.504,30","4.400,30","","-1,80%"
"06.09.2022","4.481,00","4.465,00","4.504,90","4.450,00","","0,36%"
"05.09.2022","4.465,00","4.486,50","4.488,05","4.465,00","","-0,48%"
"02.09.2022","4.486,50","4.488,00","4.510,30","4.431,60","","-0,03%"
"01.09.2022","4.488,00","4.429,00","4.494,35","4.424,58","","1,44%"
"31.08.2022","4.424,50","4.416,95","4.441,45","4.398,45","","0,05%"
"30.08.2022","4.422,50","4.367,00","4.429,55","4.351,10","","1,27%"
"29.08.2022","4.367,00","4.401,11","4.418,25","4.366,18","","-0,78%"
"26.08.2022","4.401,11","4.395,40","4.418,55","4.357,90","","0,13%"
"25.08.2022","4.395,40","4.411,00","4.446,30","4.390,00","","-0,35%"
"24.08.2022","4.411,00","4.358,00","4.416,00","4.345,25","","1,22%"
"23.08.2022","4.358,00","4.399,98","4.409,90","4.355,02","","-0,95%"
"22.08.2022","4.399,98","4.377,00","4.414,90","4.375,40","","0,53%"
"19.08.2022","4.377,00","4.390,59","4.431,90","4.368,00","","-0,30%"
"18.08.2022","4.390,00","4.344,55","4.447,00","4.340,21","","1,05%"
"17.08.2022","4.344,55","4.255,00","4.349,76","4.245,44","","2,10%"
"16.08.2022","4.255,00","4.163,59","4.256,00","4.155,59","","2,21%"
"15.08.2022","4.163,01","4.162,01","4.170,01","4.156,90","","0,02%"
"12.08.2022","4.162,01","4.231,01","4.233,44","4.155,01","","-1,63%"
"11.08.2022","4.231,01","4.274,01","4.276,88","4.216,01","","-1,01%"
"10.08.2022","4.274,01","4.350,01","4.350,01","4.258,10","","-1,75%"
"09.08.2022","4.350,01","4.312,84","4.353,26","4.273,48","","0,78%"
"08.08.2022","4.316,36","4.345,10","4.354,50","4.296,00","","-0,66%"
"05.08.2022","4.345,10","4.295,00","4.360,00","4.295,00","","1,17%"
"04.08.2022","4.295,00","4.305,60","4.319,69","4.245,20","","-0,25%"
"03.08.2022","4.305,60","4.324,00","4.357,00","4.305,60","","-0,43%"
"02.08.2022","4.324,00","4.277,50","4.328,50","4.277,50","","1,09%"
"01.08.2022","4.277,50","4.287,00","4.296,84","4.220,01","","-0,22%"
"29.07.2022","4.287,00","4.371,00","4.379,70","4.238,50","","-1,92%"
"28.07.2022","4.371,00","4.425,00","4.427,90","4.353,00","","-1,22%"
"27.07.2022","4.425,00","4.441,65","4.444,00","4.404,10","","-0,46%"
"26.07.2022","4.445,34","4.468,10","4.475,05","4.415,40","","-0,50%"
"25.07.2022","4.467,80","4.465,00","4.487,50","4.430,00","","0,06%"
"22.07.2022","4.465,00","4.426,55","4.471,75","4.409,00","","0,87%"
"21.07.2022","4.426,55","4.356,00","4.439,26","4.344,00","","1,62%"
"20.07.2022","4.356,00","4.324,95","4.356,00","4.320,25","","0,77%"
"19.07.2022","4.322,60","4.305,65","4.346,50","4.280,00","","0,39%"
"18.07.2022","4.305,65","4.359,00","4.367,30","4.293,25","","-1,22%"
"15.07.2022","4.359,00","4.492,00","4.500,30","4.349,00","","-2,96%"
"14.07.2022","4.492,00","4.490,00","4.582,50","4.483,50","","0,04%"
"13.07.2022","4.490,40","4.620,35","4.655,35","4.475,35","","-2,95%"
"12.07.2022","4.626,80","4.574,23","4.662,77","4.573,49","","1,05%"
"11.07.2022","4.578,88","4.420,50","4.579,60","4.411,68","","3,58%"
"08.07.2022","4.420,50","4.395,00","4.429,39","4.351,00","","0,58%"
"07.07.2022","4.395,00","4.353,50","4.400,25","4.323,25","","0,95%"
"06.07.2022","4.353,50","4.280,00","4.399,40","4.275,73","","1,72%"
"05.07.2022","4.280,00","4.205,05","4.284,90","4.205,05","","1,78%"
"04.07.2022","4.205,05","4.205,05","4.205,05","4.198,55","","0,00%"
"01.07.2022","4.205,05","4.151,37","4.215,90","4.151,37","","1,29%"
"30.06.2022","4.151,37","4.117,00","4.179,90","4.116,07","","0,83%"
"29.06.2022","4.117,00","4.096,00","4.154,00","4.080,01","","0,51%"
"28.06.2022","4.096,00","4.133,00","4.140,50","4.062,00","","-0,90%"
"27.06.2022","4.133,00","4.140,50","4.148,80","4.125,00","","-0,18%"
"24.06.2022","4.140,50","4.105,53","4.159,65","4.086,53","","0,94%"
"23.06.2022","4.102,01","4.020,76","4.118,40","4.012,61","","2,02%"
"22.06.2022","4.020,76","4.016,62","4.042,51","4.009,12","","-0,04%"
"21.06.2022","4.022,50","3.909,69","4.037,25","3.909,69","","3,01%"
"20.06.2022","3.904,99","3.904,99","3.904,99","3.904,99","","0,00%"
"17.06.2022","3.904,99","3.898,00","3.921,00","3.889,00","1,55K","0,18%"
"16.06.2022","3.898,00","3.890,55","3.943,70","3.890,55","1,46K","0,01%"
"15.06.2022","3.897,60","3.973,60","3.985,10","3.890,00","1,39K","-1,80%"
"14.06.2022","3.968,90","3.971,00","4.001,75","3.948,60","1,79K","-0,05%"
"13.06.2022","3.971,00","3.944,40","4.041,90","3.937,48","1,72K","0,67%"
"10.06.2022","3.944,40","3.851,90","3.946,40","3.851,90","1,84K","2,45%"
"09.06.2022","3.850,18","3.807,11","3.868,02","3.803,11","1,26K","1,19%"
"08.06.2022","3.805,00","3.787,00","3.808,29","3.762,00","1,31K","0,48%"
"07.06.2022","3.787,00","3.793,00","3.822,00","3.768,50","1,49K","-0,16%"
"06.06.2022","3.793,00","3.775,50","3.816,95","3.773,00","2,10K","0,46%"
"03.06.2022","3.775,50","3.774,00","3.785,00","3.754,70","2,02K","0,04%"
"02.06.2022","3.774,00","3.802,00","3.806,42","3.769,05","1,54K","-0,74%"
"01.06.2022","3.802,00","3.770,00","3.811,20","3.760,00","2,35K","0,85%"
"31.05.2022","3.770,00","3.802,35","3.817,25","3.764,30","","-0,79%"
"30.05.2022","3.800,00","3.933,50","3.933,50","3.795,00","","-3,39%"
"27.05.2022","3.933,50","3.922,00","3.947,50","3.892,10","","0,29%"
"26.05.2022","3.922,00","3.937,60","3.945,00","3.918,10","","-0,40%"
"25.05.2022","3.937,60","3.976,33","3.996,50","3.934,05","","-0,97%"
"24.05.2022","3.976,33","3.980,00","3.980,58","3.956,80","","-0,09%"
"23.05.2022","3.980,00","3.972,00","3.980,00","3.925,00","","0,20%"
"20.05.2022","3.972,00","4.054,72","4.054,72","3.959,00","","-2,04%"
"19.05.2022","4.054,72","4.072,96","4.072,96","4.038,05","","-0,45%"
"18.05.2022","4.072,96","4.030,50","4.074,75","4.015,26","","1,05%"
"17.05.2022","4.030,50","4.055,00","4.055,00","4.013,00","","-0,60%"
"16.05.2022","4.055,00","4.110,50","4.112,43","4.045,50","","-1,35%"
"13.05.2022","4.110,50","4.109,98","4.121,00","4.091,82","","0,01%"
"12.05.2022","4.109,98","4.083,75","4.133,00","4.079,64","","0,64%"
"11.05.2022","4.083,75","4.078,00","4.105,00","4.065,55","","0,14%"
"10.05.2022","4.078,00","4.091,00","4.103,50","4.062,00","","-0,32%"
"09.05.2022","4.091,00","4.057,75","4.101,00","4.051,05","","0,82%"
"06.05.2022","4.057,75","4.088,25","4.094,20","4.032,00","","-0,75%"
"05.05.2022","4.088,25","4.068,25","4.106,65","4.055,00","","0,49%"
"04.05.2022","4.068,25","4.030,00","4.078,90","4.020,00","","0,95%"
"03.05.2022","4.030,00","4.009,98","4.031,00","3.984,50","","0,50%"
"02.05.2022","4.009,98","3.958,00","4.017,00","3.958,00","","1,31%"
"29.04.2022","3.958,00","3.984,95","3.990,90","3.951,35","","-0,68%"
"28.04.2022","3.984,95","3.955,00","3.999,75","3.954,58","","0,76%"
"27.04.2022","3.955,00","3.944,70","3.986,95","3.940,76","","0,26%"
"26.04.2022","3.944,70","3.936,50","3.965,10","3.932,57","","0,21%"
"25.04.2022","3.936,50","3.859,06","3.959,67","3.855,21","","2,09%"
"22.04.2022","3.856,01","3.774,01","3.859,01","3.770,23","","2,17%"
"21.04.2022","3.774,01","3.759,40","3.777,01","3.747,01","","0,39%"
"20.04.2022","3.759,40","3.749,49","3.769,15","3.743,49","","0,26%"
"19.04.2022","3.749,49","3.732,51","3.767,99","3.732,51","","0,45%"
"18.04.2022","3.732,51","3.723,01","3.744,01","3.716,70","","0,26%"
"15.04.2022","3.723,01","3.743,01","3.744,99","3.723,01","","-0,49%"
"14.04.2022","3.741,32","3.725,06","3.749,06","3.721,50","","0,49%"
"13.04.2022","3.723,01","3.752,14","3.760,82","3.718,26","","-0,81%"
"12.04.2022","3.753,34","3.739,01","3.768,01","3.710,01","","0,38%"
"11.04.2022","3.739,01","3.757,01","3.762,01","3.732,01","","-0,48%"
"08.04.2022","3.757,01","3.769,45","3.798,01","3.749,01","","-0,33%"
"07.04.2022","3.769,45","3.752,01","3.780,01","3.740,01","","0,46%"
"06.04.2022","3.752,01","3.740,95","3.761,99","3.725,01","","0,30%"
"05.04.2022","3.740,95","3.704,51","3.749,90","3.693,01","1,20K","0,98%"
"04.04.2022","3.704,51","3.749,05","3.749,53","3.690,01","1,08K","-1,19%"
"01.04.2022","3.749,05","3.773,01","3.797,95","3.749,05","1,40K","-0,64%"
"31.03.2022","3.773,01","3.753,70","3.773,01","3.748,11","1,25K","0,51%"
"30.03.2022","3.753,70","3.756,34","3.766,95","3.738,26","2,02K","-0,04%"
"29.03.2022","3.755,15","3.785,20","3.788,10","3.755,15","1,44K","-0,79%"
"28.03.2022","3.785,20","3.794,65","3.808,01","3.775,01","1,43K","-0,25%"
"25.03.2022","3.794,65","3.787,01","3.800,01","3.760,20","1,17K","0,20%"
"24.03.2022","3.787,01","3.783,51","3.816,99","3.775,01","1,29K","0,09%"
"23.03.2022","3.783,51","3.760,51","3.792,01","3.732,01","1,34K","0,61%"
"22.03.2022","3.760,52","3.800,01","3.818,76","3.751,51","1,41K","-1,04%"
"21.03.2022","3.800,01","3.818,76","3.821,64","3.800,01","0,41K","-0,49%"
"18.03.2022","3.818,76","3.825,01","3.838,01","3.805,05","0,95K","-0,16%"
"17.03.2022","3.825,01","3.835,01","3.835,01","3.805,15","1,58K","-0,26%"
"16.03.2022","3.835,01","3.829,01","3.840,01","3.811,40","1,27K","0,16%"
"15.03.2022","3.829,01","3.797,61","3.853,95","3.784,49","2,42K","0,83%"
"14.03.2022","3.797,61","3.820,01","3.830,01","3.771,51","2,59K","-0,59%"
"11.03.2022","3.820,01","3.822,01","3.847,76","3.806,61","1,96K","-0,05%"
"10.03.2022","3.822,01","3.743,01","3.838,01","3.743,01","2,49K","2,11%"
"09.03.2022","3.743,01","3.771,05","3.771,05","3.728,11","1,59K","-0,74%"
"08.03.2022","3.771,06","3.813,01","3.815,90","3.769,89","1,65K","-1,10%"
"07.03.2022","3.813,01","3.830,01","3.830,01","3.798,51","1,31K","-0,44%"
"04.03.2022","3.830,01","3.759,44","3.830,01","3.755,68","2,20K","1,88%"
"03.03.2022","3.759,44","3.838,01","3.838,01","3.745,61","1,67K","-2,05%"
"02.03.2022","3.838,01","3.883,01","3.890,01","3.834,17","1,68K","-1,16%"
"01.03.2022","3.883,01","3.937,01","3.947,01","3.880,55","1,43K","-1,37%"
"28.02.2022","3.937,01","3.913,55","3.943,01","3.894,20","1,72K","0,60%"
"25.02.2022","3.913,55","3.927,01","3.927,01","3.900,01","1,45K","-0,34%"
"24.02.2022","3.927,01","3.913,01","3.979,01","3.910,51","1,89K","0,36%"
"23.02.2022","3.913,01","3.930,01","3.930,01","3.904,01","1,35K","-0,43%"
"22.02.2022","3.930,01","3.935,01","3.940,01","3.925,01","1,09K","-0,13%"
"21.02.2022","3.935,01","3.932,01","3.939,01","3.932,01","0,58K","0,08%"
"18.02.2022","3.932,01","3.934,34","3.939,36","3.919,30","1,13K","-0,04%"
"17.02.2022","3.933,75","3.963,81","3.972,52","3.926,00","1,62K","-0,77%"
"16.02.2022","3.964,40","3.951,59","3.970,76","3.951,59","1,25K","0,34%"
"15.02.2022","3.950,99","3.944,88","3.956,30","3.933,20","1,34K","0,15%"
"14.02.2022","3.944,88","3.924,82","3.946,00","3.909,51","1,44K","0,40%"
"11.02.2022","3.928,99","3.924,01","3.933,41","3.898,01","1,13K","0,13%"
"10.02.2022","3.924,01","3.937,72","3.939,01","3.904,01","1,85K","-0,35%"
"09.02.2022","3.937,72","3.949,20","3.957,41","3.931,01","1,30K","-0,26%"
"08.02.2022","3.948,01","3.965,61","3.983,01","3.941,61","1,23K","-0,44%"
"07.02.2022","3.965,61","3.952,55","3.974,70","3.943,34","1,19K","0,33%"
"04.02.2022","3.952,55","3.956,43","3.975,01","3.946,16","1,62K","-0,10%"
"03.02.2022","3.956,43","3.935,01","3.960,01","3.924,95","1,76K","0,54%"
"02.02.2022","3.935,01","3.925,51","3.940,01","3.910,01","1,64K","0,24%"
"01.02.2022","3.925,51","3.947,78","3.947,78","3.915,05","1,49K","-0,56%"
"31.01.2022","3.947,78","3.958,01","3.970,01","3.937,01","0,95K","-0,26%"
"28.01.2022","3.958,01","3.963,01","3.995,01","3.952,20","1,38K","-0,13%"
"27.01.2022","3.963,01","3.930,59","3.971,51","3.924,59","1,88K","0,84%"
"26.01.2022","3.930,00","3.969,34","3.973,72","3.928,00","1,80K","-0,96%"
"25.01.2022","3.968,15","3.976,50","4.004,00","3.962,50","1,59K","-0,21%"
"24.01.2022","3.976,50","3.957,03","3.981,20","3.953,08","0,81K","0,51%"
"21.01.2022","3.956,43","3.975,01","3.988,01","3.951,61","1,49K","-0,47%"
"20.01.2022","3.975,01","3.994,36","3.994,36","3.966,51","1,12K","-0,48%"
"19.01.2022","3.994,36","4.037,19","4.037,19","3.990,01","1,09K","-1,06%"
"18.01.2022","4.037,19","4.007,26","4.041,76","4.001,77","1,38K","0,75%"
"17.01.2022","4.007,26","4.007,26","4.007,26","4.007,26","","0,00%"
"14.01.2022","4.007,26","3.967,40","4.017,51","3.954,01","1,00K","1,00%"
"13.01.2022","3.967,40","3.974,51","3.979,03","3.941,45","0,61K","-0,18%"
"12.01.2022","3.974,51","3.991,90","3.992,99","3.961,66","1,04K","-0,44%"
"11.01.2022","3.991,90","4.051,06","4.051,06","3.990,65","0,88K","-1,46%"
"10.01.2022","4.051,06","4.051,06","4.051,06","4.047,01","0,51K","0,00%"
"07.01.2022","4.051,06","4.034,51","4.059,98","4.024,01","1,03K","0,41%"
"06.01.2022","4.034,51","4.026,09","4.065,59","4.022,84","0,82K","0,22%"
"05.01.2022","4.025,50","4.080,20","4.080,20","4.014,00","0,76K","-1,34%"
"04.01.2022","4.080,20","4.070,00","4.091,50","4.065,93","0,66K","0,25%"
"03.01.2022","4.070,00","4.068,81","4.105,50","4.034,81","0,62K","0,00%"
"31.12.2021","4.070,00","4.070,00","4.073,49","4.065,93","0,42K","0,00%"
"30.12.2021","4.070,00","4.039,05","4.070,00","4.023,00","0,65K","0,77%"
"29.12.2021","4.039,05","4.010,19","4.040,00","4.006,18","0,66K","0,75%"
"28.12.2021","4.009,00","4.000,00","4.009,50","3.994,50","0,62K","0,23%"
"27.12.2021","4.000,00","3.991,00","4.000,00","3.980,00","0,85K","0,23%"
"24.12.2021","3.991,00","4.000,00","4.000,00","3.987,50","0,55K","-0,23%"
"23.12.2021","4.000,00","3.999,99","4.002,98","3.991,40","0,71K","0,00%"
"22.12.2021","3.999,99","4.001,90","4.002,90","3.990,00","0,80K","-0,05%"
"21.12.2021","4.001,90","4.006,50","4.006,50","3.989,00","0,81K","-0,11%"
"20.12.2021","4.006,50","3.974,32","4.009,94","3.970,95","0,75K","0,81%"
"17.12.2021","3.974,32","4.018,80","4.033,50","3.970,00","1,10K","-1,11%"
"16.12.2021","4.018,80","4.000,30","4.022,50","3.987,05","1,28K","0,46%"
"15.12.2021","4.000,30","4.006,00","4.008,00","3.975,01","1,19K","-0,14%"
"14.12.2021","4.006,00","3.890,75","4.006,00","3.890,75","1,03K","2,96%"
"13.12.2021","3.890,75","3.900,00","3.900,00","3.876,00","1,31K","-0,24%"
"10.12.2021","3.900,00","3.903,00","3.905,39","3.876,00","1,20K","-0,08%"
"09.12.2021","3.903,00","3.894,00","3.911,00","3.890,55","1,33K","0,23%"
"08.12.2021","3.894,00","3.910,98","3.913,28","3.894,00","0,51K","-0,43%"
"07.12.2021","3.910,98","3.932,50","3.932,50","3.892,05","1,99K","-0,55%"
"06.12.2021","3.932,50","3.966,80","3.969,60","3.928,57","1,67K","-0,85%"
"03.12.2021","3.966,20","3.937,00","3.972,00","3.922,55","1,20K","0,74%"
"02.12.2021","3.937,00","3.966,56","3.968,26","3.925,10","1,31K","-0,75%"
"01.12.2021","3.966,56","3.995,00","3.995,34","3.937,20","1,57K","-0,71%"
"30.11.2021","3.995,00","4.032,03","4.037,03","3.989,80","1,52K","-0,99%"
"29.11.2021","4.035,00","4.007,00","4.039,51","3.996,00","1,09K","0,70%"
"26.11.2021","4.007,00","3.981,00","4.025,00","3.977,02","1,01K","0,65%"
"25.11.2021","3.981,00","3.974,50","3.981,00","3.969,61","0,58K","0,16%"
"24.11.2021","3.974,50","3.950,00","3.992,50","3.950,00","2,05K","0,62%"
"23.11.2021","3.950,00","3.925,75","3.957,00","3.921,83","2,01K","0,62%"
"22.11.2021","3.925,75","3.914,00","3.931,00","3.901,00","1,58K","0,30%"
"19.11.2021","3.914,00","3.932,52","3.947,02","3.913,35","1,13K","-0,53%"
"18.11.2021","3.935,00","3.924,78","3.962,80","3.920,00","1,13K","0,41%"
"17.11.2021","3.919,00","3.895,00","3.936,00","3.891,11","1,51K","0,62%"
"16.11.2021","3.895,00","3.884,80","3.912,00","3.883,83","1,47K","0,26%"
"15.11.2021","3.884,80","3.882,80","3.885,47","3.882,80","0,46K","0,05%"
"12.11.2021","3.882,80","3.879,00","3.900,00","3.873,13","3,02K","0,10%"
"11.11.2021","3.879,00","3.877,50","3.887,00","3.876,18","0,56K","0,04%"
"10.11.2021","3.877,50","3.866,99","3.884,00","3.862,00","1,34K","0,27%"
"09.11.2021","3.866,99","3.877,00","3.890,47","3.864,70","1,38K","-0,26%"
"08.11.2021","3.877,00","3.872,50","3.884,20","3.857,00","1,20K","0,12%"
"05.11.2021","3.872,50","3.872,00","3.898,90","3.863,70","1,42K","0,01%"
"04.11.2021","3.872,00","3.830,10","3.885,00","3.818,75","2,09K","1,09%"
"03.11.2021","3.830,10","3.799,00","3.852,95","3.791,90","2,26K","0,82%"
"02.11.2021","3.799,00","3.760,00","3.799,00","3.756,54","1,57K","1,04%"
"01.11.2021","3.760,00","3.760,00","3.767,33","3.756,54","0,54K","0,00%"
"29.10.2021","3.760,00","3.779,50","3.798,30","3.760,00","1,55K","-0,46%"
"28.10.2021","3.777,25","3.759,55","3.778,18","3.748,55","0,95K","0,46%"
"27.10.2021","3.760,00","3.771,50","3.771,50","3.751,60","1,13K","-0,23%"
"26.10.2021","3.768,73","3.766,78","3.778,78","3.765,78","1,17K","0,05%"
"25.10.2021","3.767,00","3.768,00","3.774,99","3.757,00","1,39K","-0,03%"
"22.10.2021","3.768,00","3.781,00","3.789,00","3.766,55","1,25K","-0,34%"
"21.10.2021","3.781,00","3.768,09","3.788,00","3.764,32","1,37K","0,34%"
"20.10.2021","3.768,09","3.766,80","3.776,50","3.760,00","1,92K","0,03%"
"19.10.2021","3.766,80","3.769,00","3.772,00","3.750,69","1,43K","-0,06%"
"18.10.2021","3.769,00","3.763,67","3.774,00","3.759,47","0,51K","0,14%"
"15.10.2021","3.763,67","3.769,50","3.785,30","3.755,55","1,40K","-0,15%"
"14.10.2021","3.769,50","3.740,00","3.774,45","3.733,23","1,79K","0,79%"
"13.10.2021","3.740,00","3.721,50","3.745,00","3.713,50","1,34K","0,50%"
"12.10.2021","3.721,50","3.753,00","3.767,35","3.714,06","2,08K","-0,84%"
"11.10.2021","3.753,00","3.767,35","3.767,35","3.753,00","0,62K","-0,38%"
"08.10.2021","3.767,35","3.774,50","3.775,87","3.757,98","1,31K","-0,19%"
"07.10.2021","3.774,50","3.788,00","3.788,00","3.761,84","1,67K","-0,36%"
"06.10.2021","3.788,00","3.783,50","3.804,60","3.777,10","1,22K","0,12%"
"05.10.2021","3.783,50","3.790,00","3.804,97","3.782,42","1,68K","-0,17%"
"04.10.2021","3.790,00","3.790,00","3.797,54","3.776,00","2,05K","0,00%"
"01.10.2021","3.790,00","3.807,80","3.807,80","3.767,00","3,97K","-0,47%"
"30.09.2021","3.807,80","3.836,00","3.839,00","3.803,00","1,32K","-0,74%"
"29.09.2021","3.836,00","3.834,00","3.845,22","3.823,40","1,58K","0,05%"
"28.09.2021","3.834,00","3.843,25","3.850,72","3.829,50","1,53K","-0,24%"
"27.09.2021","3.843,25","3.834,57","3.845,00","3.832,80","1,17K","0,23%"
"24.09.2021","3.834,57","3.834,00","3.860,00","3.833,47","2,02K","0,01%"
"23.09.2021","3.834,00","3.833,00","3.841,70","3.826,78","1,41K","0,03%"
"22.09.2021","3.833,00","3.837,25","3.842,47","3.822,50","1,54K","-0,11%"
"21.09.2021","3.837,25","3.844,00","3.849,70","3.835,00","1,21K","-0,18%"
"20.09.2021","3.844,00","3.827,50","3.862,00","3.821,85","1,46K","0,43%"
"17.09.2021","3.827,50","3.817,17","3.837,80","3.808,53","1,34K","0,27%"
"16.09.2021","3.817,17","3.815,00","3.827,85","3.802,71","1,20K","0,06%"
"15.09.2021","3.815,00","3.830,49","3.835,00","3.806,85","0,96K","-0,40%"
"14.09.2021","3.830,49","3.830,60","3.835,85","3.814,96","1,05K","0,00%"
"13.09.2021","3.830,60","3.835,00","3.841,50","3.821,69","0,98K","-0,11%"
"10.09.2021","3.835,00","3.843,70","3.844,70","3.823,56","1,21K","-0,23%"
"09.09.2021","3.843,70","3.816,55","3.843,70","3.811,35","0,91K","0,71%"
"08.09.2021","3.816,55","3.800,00","3.822,50","3.798,20","0,97K","0,44%"
"07.09.2021","3.800,00","3.800,00","3.820,45","3.792,40","1,20K","0,00%"
"06.09.2021","3.800,00","3.800,00","3.800,00","3.800,00","","0,00%"
"03.09.2021","3.800,00","3.795,00","3.808,00","3.773,00","1,19K","0,13%"
"02.09.2021","3.795,00","3.760,00","3.800,80","3.753,09","1,10K","0,93%"
"01.09.2021","3.760,00","3.769,15","3.771,15","3.738,90","1,39K","-0,24%"
"31.08.2021","3.769,15","3.815,12","3.815,12","3.759,87","1,37K","-1,25%"
"30.08.2021","3.816,75","3.829,01","3.829,01","3.797,00","1,07K","-0,32%"
"27.08.2021","3.829,01","3.869,85","3.869,85","3.821,45","0,98K","-1,00%"
"26.08.2021","3.867,75","3.865,50","3.880,00","3.861,09","1,26K","0,06%"
"25.08.2021","3.865,50","3.867,00","3.877,20","3.852,97","1,26K","-0,04%"
"24.08.2021","3.867,00","3.881,95","3.881,95","3.849,05","1,50K","-0,39%"
"23.08.2021","3.881,95","3.872,00","3.881,95","3.847,00","1,18K","0,26%"
"20.08.2021","3.872,00","3.868,40","3.887,00","3.861,29","1,36K","0,04%"
"19.08.2021","3.870,40","3.851,50","3.892,00","3.845,07","1,24K","0,49%"
"18.08.2021","3.851,50","3.880,00","3.886,65","3.849,45","1,20K","-0,73%"
"17.08.2021","3.880,00","3.842,20","3.885,00","3.842,20","0,88K","0,98%"
"16.08.2021","3.842,20","3.842,20","3.850,00","3.835,76","0,49K","0,00%"
"13.08.2021","3.842,20","3.859,00","3.859,00","3.813,50","0,99K","-0,44%"
"12.08.2021","3.859,00","3.942,20","3.947,85","3.848,01","1,28K","-2,11%"
"11.08.2021","3.942,20","3.968,00","3.972,61","3.942,00","3,90K","-0,65%"
"10.08.2021","3.968,00","3.997,35","4.007,50","3.958,00","1,24K","-0,73%"
"09.08.2021","3.997,35","3.967,10","3.999,00","3.955,27","0,95K","0,76%"
"06.08.2021","3.967,10","3.918,00","3.972,00","3.904,00","1,51K","1,25%"
"05.08.2021","3.918,00","3.903,00","3.920,00","3.895,00","1,52K","0,38%"
"04.08.2021","3.903,00","3.909,75","3.925,56","3.888,60","1,35K","-0,17%"
"03.08.2021","3.909,75","3.891,50","3.926,69","3.886,00","3,85K","0,47%"
"02.08.2021","3.891,50","3.878,00","3.896,56","3.835,70","4,42K","0,35%"
"30.07.2021","3.878,00","3.847,60","3.886,40","3.841,31","3,70K","0,79%"
"29.07.2021","3.847,60","3.871,50","3.875,00","3.827,15","4,06K","-0,67%"
"28.07.2021","3.873,50","3.934,00","3.938,90","3.873,00","3,24K","-1,49%"
"27.07.2021","3.932,00","3.913,50","3.939,70","3.897,00","1,09K","0,47%"
"26.07.2021","3.913,50","3.889,00","3.918,13","3.889,00","4,45K","0,63%"
"23.07.2021","3.889,00","3.870,20","3.890,00","3.858,00","3,17K","0,49%"
"22.07.2021","3.870,20","3.855,00","3.880,03","3.848,05","5,54K","0,39%"
"21.07.2021","3.855,00","3.835,50","3.872,20","3.835,50","4,36K","0,51%"
"20.07.2021","3.835,50","3.835,50","3.850,56","3.834,80","2,96K","0,00%"
"19.07.2021","3.835,50","3.817,60","3.859,21","3.817,60","2,97K","0,47%"
"16.07.2021","3.817,60","3.816,02","3.822,68","3.799,50","3,26K","0,04%"
"15.07.2021","3.816,02","3.794,02","3.820,05","3.794,02","4,97K","0,58%"
"14.07.2021","3.794,02","3.823,20","3.823,20","3.786,90","5,46K","-0,76%"
"13.07.2021","3.823,20","3.822,10","3.836,95","3.812,90","0,88K","0,03%"
"12.07.2021","3.822,10","3.831,00","3.842,00","3.815,00","4,44K","-0,23%"
"09.07.2021","3.831,00","3.841,00","3.844,90","3.812,05","0,81K","-0,26%"
"08.07.2021","3.841,00","3.832,00","3.864,50","3.832,00","4,42K","0,23%"
"07.07.2021","3.832,00","3.779,50","3.836,44","3.771,95","3,36K","1,39%"
"06.07.2021","3.779,50","3.743,00","3.800,00","3.738,77","1,06K","1,00%"
"05.07.2021","3.742,00","3.742,00","3.742,00","3.742,00","","0,00%"
"02.07.2021","3.742,00","3.779,00","3.799,00","3.742,00","0,50K","-0,95%"
"01.07.2021","3.778,00","3.749,00","3.792,00","3.724,80","4,17K","0,75%"
"30.06.2021","3.750,00","3.767,50","3.774,80","3.728,80","4,72K","-0,46%"
"29.06.2021","3.767,50","3.703,00","3.777,00","3.703,00","4,40K","1,74%"
"28.06.2021","3.703,00","3.745,15","3.753,63","3.702,80","6,15K","-1,13%"
"25.06.2021","3.745,15","3.766,25","3.775,00","3.724,70","3,53K","-0,56%"
"24.06.2021","3.766,25","3.784,05","3.784,05","3.753,50","4,47K","-0,47%"
"23.06.2021","3.784,05","3.782,10","3.789,99","3.749,35","1,16K","0,05%"
"22.06.2021","3.782,10","3.760,05","3.798,00","3.760,05","1,04K","0,59%"
"21.06.2021","3.760,05","3.769,00","3.769,00","3.740,00","0,87K","-0,24%"
"18.06.2021","3.769,00","3.729,00","3.770,00","3.722,38","4,53K","1,07%"
"17.06.2021","3.729,00","3.674,75","3.739,75","3.674,75","1,19K","1,50%"
"16.06.2021","3.674,00","3.698,00","3.702,95","3.674,00","3,43K","-0,65%"
"15.06.2021","3.698,00","3.654,50","3.705,95","3.654,50","0,67K","1,19%"
"14.06.2021","3.654,50","3.654,50","3.660,25","3.643,51","2,46K","0,00%"
"11.06.2021","3.654,50","3.606,00","3.657,50","3.592,15","3,91K","1,34%"
"10.06.2021","3.606,00","3.589,18","3.609,00","3.578,50","4,03K","0,48%"
"09.06.2021","3.588,93","3.594,35","3.599,07","3.572,75","4,49K","-0,16%"
"08.06.2021","3.594,60","3.607,50","3.612,87","3.584,51","4,76K","-0,36%"
"07.06.2021","3.607,50","3.607,50","3.615,36","3.600,37","2,81K","0,00%"
"04.06.2021","3.607,50","3.661,00","3.661,00","3.593,60","5,76K","-1,46%"
"03.06.2021","3.661,00","3.653,50","3.673,00","3.642,00","5,60K","0,21%"
"02.06.2021","3.653,50","3.666,30","3.666,30","3.624,95","4,60K","-0,35%"
"01.06.2021","3.666,30","3.708,00","3.708,00","3.662,30","4,80K","-1,12%"
"31.05.2021","3.708,00","3.708,00","3.708,00","3.702,76","0,42K","0,00%"
"28.05.2021","3.708,00","3.721,71","3.733,25","3.703,44","3,74K","-0,37%"
"27.05.2021","3.721,71","3.743,00","3.747,40","3.721,71","4,51K","-0,57%"
"26.05.2021","3.743,00","3.739,50","3.760,00","3.732,03","4,84K","0,09%"
"25.05.2021","3.739,50","3.734,50","3.747,01","3.721,11","4,27K","0,13%"
"24.05.2021","3.734,50","3.747,00","3.768,80","3.732,00","4,50K","-0,33%"
"21.05.2021","3.747,00","3.717,30","3.753,70","3.706,50","3,40K","0,76%"
"20.05.2021","3.718,80","3.687,20","3.750,25","3.679,83","5,25K","0,92%"
"19.05.2021","3.684,95","3.660,38","3.695,00","3.653,06","5,11K","0,77%"
"18.05.2021","3.656,71","3.688,03","3.689,20","3.647,38","5,62K","-0,78%"
"17.05.2021","3.685,51","3.685,51","3.689,88","3.679,11","3,11K","0,00%"
"14.05.2021","3.685,51","3.721,11","3.721,11","3.668,01","4,97K","-0,96%"
"13.05.2021","3.721,11","3.750,51","3.753,76","3.711,51","2,46K","-0,78%"
"12.05.2021","3.750,51","3.712,01","3.753,01","3.704,59","5,39K","1,04%"
"11.05.2021","3.712,01","3.706,80","3.728,80","3.684,01","4,39K","0,14%"
"10.05.2021","3.706,80","3.750,01","3.757,20","3.704,01","4,79K","-1,15%"
"07.05.2021","3.750,01","3.804,01","3.806,14","3.750,01","5,33K","-1,42%"
"06.05.2021","3.804,01","3.851,01","3.851,01","3.777,01","5,02K","-1,22%"
"05.05.2021","3.851,01","3.828,38","3.864,16","3.812,51","5,29K","0,56%"
"04.05.2021","3.829,50","3.804,95","3.846,00","3.797,35","5,26K","0,66%"
"03.05.2021","3.804,50","3.753,93","3.834,63","3.745,60","4,06K","1,36%"
"30.04.2021","3.753,30","3.715,11","3.759,05","3.707,68","4,42K","1,03%"
"29.04.2021","3.715,11","3.696,01","3.728,01","3.688,30","4,45K","0,52%"
"28.04.2021","3.696,01","3.717,88","3.723,45","3.691,22","5,21K","-0,60%"
"27.04.2021","3.718,25","3.695,38","3.738,48","3.679,52","4,68K","0,63%"
"26.04.2021","3.695,01","3.628,88","3.696,01","3.626,36","5,26K","1,83%"
"23.04.2021","3.628,50","3.635,35","3.651,50","3.624,00","4,65K","-0,19%"
"22.04.2021","3.635,35","3.614,00","3.643,60","3.597,00","5,26K","0,59%"
"21.04.2021","3.614,00","3.643,00","3.653,90","3.612,00","4,15K","-0,80%"
"20.04.2021","3.643,00","3.627,00","3.645,40","3.619,75","3,74K","0,44%"
"19.04.2021","3.627,00","3.603,38","3.630,80","3.593,39","3,80K","0,67%"
"16.04.2021","3.603,01","3.611,62","3.620,03","3.587,43","4,45K","-0,25%"
"15.04.2021","3.612,00","3.656,80","3.656,80","3.604,70","4,04K","-1,23%"
"14.04.2021","3.656,80","3.668,50","3.682,79","3.652,30","5,32K","-0,32%"
"13.04.2021","3.668,50","3.665,00","3.676,70","3.656,50","4,58K","0,10%"
"12.04.2021","3.665,00","3.659,50","3.666,50","3.637,55","4,24K","0,15%"
"09.04.2021","3.659,50","3.629,05","3.662,50","3.629,05","4,64K","0,84%"
"08.04.2021","3.629,05","3.654,59","3.654,59","3.625,57","4,85K","-0,70%"
"07.04.2021","3.654,59","3.636,75","3.662,50","3.616,45","5,57K","0,50%"
"06.04.2021","3.636,50","3.674,00","3.674,00","3.632,00","3,84K","-1,02%"
"05.04.2021","3.674,00","3.655,45","3.674,00","3.628,75","4,39K","0,34%"
"02.04.2021","3.661,70","3.661,70","3.661,70","3.657,91","0,31K","0,00%"
"01.04.2021","3.661,70","3.666,45","3.669,01","3.654,75","0,45K","0,00%"
"31.03.2021","3.661,70","3.730,00","3.730,75","3.660,75","0,94K","-1,83%"
"30.03.2021","3.730,00","3.718,99","3.755,00","3.710,56","1,07K","0,30%"
"29.03.2021","3.718,99","3.689,89","3.719,50","3.689,89","0,99K","0,79%"
"26.03.2021","3.689,89","3.668,00","3.691,20","3.640,00","4,88K","0,60%"
"25.03.2021","3.668,00","3.649,40","3.669,49","3.645,10","5,32K","0,51%"
"24.03.2021","3.649,40","3.619,50","3.650,50","3.609,24","5,29K","0,83%"
"23.03.2021","3.619,50","3.560,15","3.620,40","3.553,63","5,63K","1,69%"
"22.03.2021","3.559,40","3.558,90","3.570,00","3.552,29","0,92K","0,01%"
"19.03.2021","3.558,90","3.547,10","3.563,60","3.538,03","4,90K","0,33%"
"18.03.2021","3.547,10","3.571,25","3.595,00","3.538,55","5,88K","-0,67%"
"17.03.2021","3.571,00","3.559,50","3.583,51","3.557,73","4,80K","0,32%"
"16.03.2021","3.559,50","3.555,75","3.566,30","3.540,02","5,40K","0,01%"
"15.03.2021","3.559,00","3.578,50","3.594,25","3.557,00","4,52K","-0,48%"
"12.03.2021","3.576,00","3.556,00","3.589,88","3.543,98","5,53K","0,56%"
"11.03.2021","3.556,00","3.553,50","3.558,12","3.516,11","6,41K","0,09%"
"10.03.2021","3.552,75","3.592,50","3.594,75","3.543,76","5,65K","-1,11%"
"09.03.2021","3.592,50","3.604,70","3.611,61","3.587,20","5,53K","-0,34%"
"08.03.2021","3.604,70","3.635,15","3.661,60","3.600,25","5,56K","-0,84%"
"05.03.2021","3.635,15","3.644,90","3.671,31","3.614,50","6,27K","-0,27%"
"04.03.2021","3.644,90","3.681,09","3.682,34","3.621,50","5,94K","-0,98%"
"03.03.2021","3.681,09","3.656,25","3.681,99","3.648,94","6,15K","0,67%"
"02.03.2021","3.656,50","3.620,00","3.662,38","3.614,91","5,64K","1,02%"
"01.03.2021","3.619,50","3.646,00","3.647,32","3.602,00","5,68K","-0,75%"
"26.02.2021","3.647,00","3.610,45","3.651,95","3.603,90","5,12K","1,01%"
"25.02.2021","3.610,45","3.565,00","3.612,06","3.564,50","4,84K","1,27%"
"24.02.2021","3.565,00","3.594,50","3.594,50","3.562,00","5,18K","-0,82%"
"23.02.2021","3.594,50","3.593,50","3.599,24","3.582,53","4,89K","0,03%"
"22.02.2021","3.593,50","3.571,80","3.624,50","3.564,66","5,23K","0,61%"
"19.02.2021","3.571,80","3.547,33","3.579,00","3.532,50","6,31K","0,69%"
"18.02.2021","3.547,33","3.528,20","3.549,40","3.516,10","6,02K","0,54%"
"17.02.2021","3.528,20","3.522,50","3.566,85","3.515,96","4,81K","0,04%"
"16.02.2021","3.526,83","3.495,38","3.534,88","3.488,40","5,16K","0,87%"
"15.02.2021","3.496,50","3.502,00","3.507,88","3.487,40","3,57K","0,00%"
"12.02.2021","3.496,50","3.526,50","3.539,56","3.496,00","5,73K","-0,85%"
"11.02.2021","3.526,50","3.559,75","3.559,75","3.517,50","5,36K","-0,93%"
"10.02.2021","3.559,50","3.576,30","3.586,25","3.541,00","6,05K","-0,47%"
"09.02.2021","3.576,30","3.571,00","3.597,95","3.561,43","5,96K","0,15%"
"08.02.2021","3.571,00","3.555,50","3.575,50","3.538,52","4,89K","0,44%"
"05.02.2021","3.555,50","3.558,19","3.561,31","3.531,10","5,23K","-0,08%"
"04.02.2021","3.558,19","3.535,58","3.577,41","3.525,62","5,18K","0,64%"
"03.02.2021","3.535,70","3.529,20","3.545,01","3.510,01","4,86K","0,18%"
"02.02.2021","3.529,20","3.573,01","3.573,01","3.507,51","5,47K","-1,23%"
"01.02.2021","3.573,01","3.569,51","3.584,70","3.540,51","4,84K","0,11%"
"29.01.2021","3.569,01","3.560,01","3.580,01","3.538,41","4,48K","0,25%"
"28.01.2021","3.560,01","3.605,51","3.632,61","3.552,26","4,32K","-1,28%"
"27.01.2021","3.606,01","3.613,51","3.665,91","3.606,01","5,37K","-0,21%"
"26.01.2021","3.613,51","3.587,76","3.614,45","3.560,05","5,09K","0,71%"
"25.01.2021","3.588,01","3.527,70","3.616,66","3.527,70","5,09K","1,71%"
"22.01.2021","3.527,70","3.481,78","3.537,09","3.473,16","4,42K","1,32%"
"21.01.2021","3.481,78","3.467,01","3.492,61","3.450,01","4,74K","0,43%"
"20.01.2021","3.467,01","3.491,66","3.496,01","3.463,61","3,77K","-0,71%"
"19.01.2021","3.491,66","3.478,01","3.499,51","3.451,05","4,73K","0,39%"
"18.01.2021","3.478,01","3.462,11","3.484,05","3.462,11","0,67K","0,46%"
"15.01.2021","3.462,11","3.446,43","3.480,30","3.446,43","4,60K","0,45%"
"14.01.2021","3.446,43","3.476,82","3.484,53","3.446,43","4,48K","-0,88%"
"13.01.2021","3.476,94","3.477,00","3.498,04","3.463,08","4,81K","0,00%"
"12.01.2021","3.477,00","3.494,50","3.501,66","3.462,85","4,10K","-0,69%"
"11.01.2021","3.501,00","3.475,15","3.530,65","3.468,90","3,65K","0,93%"
"08.01.2021","3.468,90","3.489,49","3.500,51","3.464,70","5,33K","-0,60%"
"07.01.2021","3.489,99","3.415,30","3.496,70","3.409,88","7,74K","2,21%"
"06.01.2021","3.414,55","3.443,50","3.444,75","3.409,55","8,39K","-0,86%"
"05.01.2021","3.444,00","3.450,25","3.470,54","3.430,00","7,60K","-0,16%"
"04.01.2021","3.449,50","3.416,50","3.451,30","3.379,71","7,36K","0,80%"
"01.01.2021","3.422,00","3.422,00","3.422,00","3.422,00","","0,00%"
"31.12.2020","3.422,00","3.427,00","3.429,00","3.415,53","0,62K","0,00%"
"30.12.2020","3.422,00","3.474,50","3.475,81","3.414,00","0,96K","-1,51%"
"29.12.2020","3.474,50","3.498,75","3.503,75","3.471,10","1,13K","-0,73%"
"28.12.2020","3.500,00","3.516,50","3.518,00","3.481,50","1,08K","-0,43%"
"25.12.2020","3.515,00","3.515,00","3.515,00","3.515,00","","0,00%"
"24.12.2020","3.515,00","3.500,00","3.516,00","3.480,00","0,98K","0,43%"
"23.12.2020","3.500,00","3.465,00","3.502,45","3.455,00","1,24K","1,01%"
"22.12.2020","3.465,00","3.431,00","3.466,00","3.424,15","7,34K","0,99%"
"21.12.2020","3.431,00","3.419,50","3.474,80","3.419,50","1,06K","0,34%"
"18.12.2020","3.419,50","3.414,10","3.428,20","3.411,07","6,33K","0,16%"
"17.12.2020","3.414,10","3.420,36","3.422,36","3.399,55","5,91K","-0,19%"
"16.12.2020","3.420,61","3.419,70","3.424,42","3.405,01","6,65K","0,03%"
"15.12.2020","3.419,70","3.428,00","3.435,85","3.413,79","6,61K","-0,24%"
"14.12.2020","3.428,00","3.438,10","3.438,10","3.409,00","4,73K","-0,29%"
"11.12.2020","3.438,10","3.420,45","3.441,95","3.415,05","6,62K","0,52%"
"10.12.2020","3.420,45","3.476,50","3.483,25","3.418,50","8,58K","-1,61%"
"09.12.2020","3.476,50","3.491,00","3.496,48","3.454,00","6,81K","-0,40%"
"08.12.2020","3.490,50","3.490,00","3.501,03","3.477,00","4,00K","0,01%"
"07.12.2020","3.490,00","3.466,00","3.496,09","3.466,00","7,36K","0,69%"
"04.12.2020","3.466,00","3.468,50","3.478,00","3.451,00","8,08K","-0,07%"
"03.12.2020","3.468,50","3.522,02","3.525,03","3.468,50","8,84K","-1,52%"
"02.12.2020","3.522,02","3.548,50","3.564,38","3.521,70","9,55K","-0,75%"
"01.12.2020","3.548,50","3.596,25","3.597,50","3.540,60","7,73K","-1,33%"
"30.11.2020","3.596,25","3.606,90","3.613,24","3.580,39","9,02K","-0,30%"
"27.11.2020","3.606,90","3.617,70","3.628,50","3.604,20","5,82K","-0,30%"
"26.11.2020","3.617,70","3.617,70","3.628,63","3.608,03","8,59K","0,00%"
"25.11.2020","3.617,70","3.636,00","3.647,00","3.611,34","7,51K","-0,50%"
"24.11.2020","3.636,00","3.647,55","3.656,07","3.629,25","7,83K","-0,32%"
"23.11.2020","3.647,55","3.632,95","3.649,22","3.611,00","8,22K","0,40%"
"20.11.2020","3.632,95","3.649,95","3.665,45","3.628,50","7,82K","-0,47%"
"19.11.2020","3.649,95","3.643,50","3.659,13","3.637,90","8,07K","0,18%"
"18.11.2020","3.643,50","3.644,50","3.659,51","3.623,69","7,27K","-0,03%"
"17.11.2020","3.644,50","3.637,65","3.652,90","3.617,50","8,24K","0,00%"
"16.11.2020","3.644,40","3.649,65","3.651,94","3.636,20","4,45K","0,03%"
"13.11.2020","3.643,40","3.644,05","3.651,00","3.631,18","7,61K","-0,02%"
"12.11.2020","3.644,05","3.636,50","3.667,45","3.631,73","7,95K","0,14%"
"11.11.2020","3.639,00","3.632,75","3.646,69","3.624,90","0,73K","0,21%"
"10.11.2020","3.631,50","3.650,83","3.675,25","3.625,34","8,28K","-0,49%"
"09.11.2020","3.649,20","3.722,88","3.723,09","3.622,88","7,99K","-1,98%"
"06.11.2020","3.723,00","3.754,00","3.775,00","3.719,15","8,60K","-0,83%"
"05.11.2020","3.754,00","3.815,82","3.818,06","3.752,00","8,80K","-1,62%"
"04.11.2020","3.815,82","3.819,75","3.825,75","3.787,25","8,17K","-0,10%"
"03.11.2020","3.819,50","3.865,10","3.870,85","3.811,00","6,76K","-1,29%"
"02.11.2020","3.869,35","3.875,10","3.885,74","3.864,28","6,23K","-0,03%"
"30.10.2020","3.870,35","3.861,25","3.873,50","3.846,47","6,97K","0,24%"
"29.10.2020","3.861,25","3.830,00","3.866,00","3.829,34","3,69K","0,82%"
"28.10.2020","3.830,00","3.809,10","3.854,15","3.802,38","7,53K","0,54%"
"27.10.2020","3.809,60","3.814,85","3.820,15","3.797,88","6,35K","-0,14%"
"26.10.2020","3.814,85","3.789,50","3.818,77","3.781,93","5,16K","0,67%"
"23.10.2020","3.789,50","3.784,00","3.793,49","3.770,00","5,84K","0,15%"
"22.10.2020","3.784,00","3.766,50","3.795,90","3.754,50","6,38K","0,46%"
"21.10.2020","3.766,50","3.825,00","3.826,00","3.761,39","7,10K","-1,53%"
"20.10.2020","3.825,00","3.844,75","3.847,18","3.815,69","6,62K","-0,51%"
"19.10.2020","3.844,75","3.848,10","3.849,45","3.834,50","5,76K","-0,09%"
"16.10.2020","3.848,10","3.850,25","3.852,00","3.827,68","3,03K","-0,06%"
"15.10.2020","3.850,25","3.839,00","3.862,74","3.837,11","3,22K","0,29%"
"14.10.2020","3.839,00","3.862,00","3.862,00","3.835,00","1,21K","-0,60%"
"13.10.2020","3.862,00","3.825,50","3.864,00","3.825,50","3,34K","0,89%"
"12.10.2020","3.828,00","3.828,00","3.837,36","3.827,91","0,90K","0,00%"
"09.10.2020","3.828,00","3.842,25","3.843,04","3.817,45","4,07K","-0,30%"
"08.10.2020","3.839,50","3.844,20","3.848,80","3.830,53","3,62K","-0,12%"
"07.10.2020","3.844,20","3.833,00","3.850,00","3.808,63","4,31K","0,29%"
"06.10.2020","3.833,00","3.829,59","3.845,30","3.806,78","5,08K","0,09%"
"05.10.2020","3.829,59","3.871,50","3.877,99","3.827,26","4,92K","-1,10%"
"02.10.2020","3.872,00","3.845,50","3.905,60","3.845,50","5,42K","0,69%"
"01.10.2020","3.845,50","3.827,50","3.858,50","3.797,57","4,77K","0,48%"
"30.09.2020","3.827,00","3.886,95","3.906,75","3.826,75","4,77K","-1,54%"
"29.09.2020","3.886,95","3.873,00","3.896,85","3.858,92","5,21K","0,36%"
"28.09.2020","3.873,00","3.886,75","3.886,90","3.830,20","4,34K","-0,36%"
"25.09.2020","3.887,00","3.827,00","3.893,85","3.824,43","5,20K","1,57%"
"24.09.2020","3.827,00","3.862,18","3.908,32","3.826,50","6,79K","-0,84%"
"23.09.2020","3.859,53","3.831,43","3.878,88","3.825,12","6,65K","0,89%"
"22.09.2020","3.825,64","3.794,30","3.845,94","3.782,56","5,11K","1,03%"
"21.09.2020","3.786,82","3.735,47","3.807,09","3.731,66","4,35K","1,52%"
"18.09.2020","3.730,01","3.714,36","3.738,26","3.707,70","4,20K","0,40%"
"17.09.2020","3.715,01","3.686,84","3.728,34","3.686,20","4,83K","0,61%"
"16.09.2020","3.692,38","3.704,30","3.724,20","3.684,35","5,11K","0,02%"
"15.09.2020","3.691,50","3.692,78","3.704,03","3.668,61","4,61K","0,03%"
"14.09.2020","3.690,50","3.705,25","3.723,25","3.666,75","4,60K","-0,41%"
"11.09.2020","3.705,51","3.710,11","3.726,11","3.688,01","7,25K","-0,12%"
"10.09.2020","3.710,11","3.713,91","3.716,66","3.675,01","7,12K","-0,01%"
"09.09.2020","3.710,65","3.742,69","3.742,69","3.710,65","6,71K","-0,74%"
"08.09.2020","3.738,50","3.711,50","3.772,86","3.711,50","3,86K","0,63%"
"07.09.2020","3.715,00","3.718,38","3.719,12","3.715,00","0,01K","0,00%"
"04.09.2020","3.715,01","3.691,11","3.723,01","3.671,22","7,05K","0,65%"
"03.09.2020","3.691,00","3.659,22","3.697,80","3.621,52","8,23K","0,93%"
"02.09.2020","3.657,00","3.678,75","3.690,77","3.641,14","8,06K","-0,51%"
"01.09.2020","3.675,85","3.745,11","3.745,21","3.667,41","7,77K","-1,74%"
"31.08.2020","3.741,00","3.745,29","3.766,49","3.726,93","8,80K","-0,12%"
"28.08.2020","3.745,50","3.816,43","3.836,74","3.739,30","8,11K","-1,85%"
"27.08.2020","3.816,00","3.839,64","3.849,54","3.804,92","8,04K","-0,51%"
"26.08.2020","3.835,55","3.871,54","3.884,84","3.831,13","9,03K","-0,76%"
"25.08.2020","3.865,00","3.855,67","3.887,42","3.834,49","7,89K","0,26%"
"24.08.2020","3.855,00","3.834,81","3.857,81","3.808,06","9,09K","0,50%"
"21.08.2020","3.836,00","3.804,00","3.848,18","3.791,52","8,56K","0,84%"
"20.08.2020","3.804,00","3.755,84","3.804,00","3.755,84","6,94K","1,25%"
"19.08.2020","3.757,00","3.783,92","3.794,94","3.754,42","8,79K","-0,74%"
"18.08.2020","3.785,00","3.781,34","3.791,47","3.768,34","9,40K","-0,21%"
"17.08.2020","3.793,00","3.803,00","3.805,90","3.784,32","4,08K","0,00%"
"14.08.2020","3.793,00","3.772,00","3.796,88","3.765,10","7,60K","0,66%"
"13.08.2020","3.768,17","3.761,69","3.780,39","3.749,27","8,33K","0,32%"
"12.08.2020","3.756,00","3.741,24","3.761,89","3.733,76","8,92K","0,45%"
"11.08.2020","3.739,17","3.782,24","3.782,24","3.739,17","7,85K","-0,87%"
"10.08.2020","3.772,07","3.746,78","3.786,68","3.743,22","8,15K","0,78%"
"07.08.2020","3.743,00","3.743,94","3.768,19","3.742,19","5,62K","0,00%"
"06.08.2020","3.743,00","3.775,50","3.788,75","3.737,00","7,79K","-0,87%"
"05.08.2020","3.776,00","3.780,52","3.786,20","3.757,42","8,11K","-0,13%"
"04.08.2020","3.781,01","3.768,90","3.802,31","3.761,38","6,62K","0,40%"
"03.08.2020","3.765,83","3.737,48","3.777,10","3.729,02","6,46K","0,87%"
"31.07.2020","3.733,33","3.721,10","3.738,50","3.716,31","7,90K","0,29%"
"30.07.2020","3.722,50","3.705,40","3.751,90","3.698,21","8,22K","0,44%"
"29.07.2020","3.706,01","3.724,31","3.726,30","3.696,26","8,71K","-0,48%"
"28.07.2020","3.724,01","3.674,86","3.739,01","3.669,16","8,81K","1,36%"
"27.07.2020","3.674,17","3.698,37","3.698,52","3.673,67","8,43K","-0,54%"
"24.07.2020","3.694,00","3.668,70","3.703,47","3.660,69","7,20K","0,77%"
"23.07.2020","3.665,69","3.640,11","3.673,03","3.634,43","8,36K","0,79%"
"22.07.2020","3.637,00","3.622,28","3.639,72","3.615,84","7,88K","0,39%"
"21.07.2020","3.623,01","3.651,90","3.651,90","3.612,81","7,58K","-0,74%"
"20.07.2020","3.650,07","3.657,87","3.663,47","3.648,66","3,23K","-0,08%"
"17.07.2020","3.653,10","3.644,50","3.666,00","3.635,52","3,48K","0,34%"
"16.07.2020","3.640,72","3.626,79","3.648,01","3.620,55","2,30K","0,55%"
"15.07.2020","3.620,80","3.627,69","3.628,04","3.602,92","0,69K","-0,09%"
"14.07.2020","3.624,00","3.619,11","3.648,04","3.612,87","7,38K","0,18%"
"13.07.2020","3.617,48","3.613,39","3.626,59","3.609,39","7,25K","0,21%"
"10.07.2020","3.610,00","3.623,20","3.627,24","3.604,50","6,74K","-0,30%"
"09.07.2020","3.620,74","3.645,12","3.650,70","3.620,74","7,26K","-0,48%"
"08.07.2020","3.638,26","3.629,31","3.646,53","3.619,47","7,06K","0,34%"
"07.07.2020","3.626,01","3.632,34","3.649,26","3.622,45","7,55K","-0,30%"
"06.07.2020","3.637,01","3.645,31","3.645,31","3.611,87","6,93K","-0,36%"
"03.07.2020","3.650,05","3.648,74","3.658,56","3.638,10","8,66K","0,12%"
"02.07.2020","3.645,50","3.713,25","3.715,99","3.642,25","8,59K","-1,86%"
"01.07.2020","3.714,50","3.755,98","3.760,23","3.711,63","7,95K","-1,08%"
"30.06.2020","3.755,16","3.750,34","3.786,87","3.734,24","7,01K","0,07%"
"29.06.2020","3.752,66","3.753,99","3.764,69","3.746,24","6,95K","0,04%"
"26.06.2020","3.751,00","3.732,00","3.771,00","3.725,60","7,54K","0,52%"
"25.06.2020","3.731,50","3.726,88","3.741,57","3.723,48","8,09K","0,08%"
"24.06.2020","3.728,51","3.699,64","3.729,65","3.699,64","8,15K","0,77%"
"23.06.2020","3.700,00","3.727,65","3.727,70","3.693,23","7,90K","-0,74%"
"22.06.2020","3.727,50","3.744,75","3.748,99","3.722,75","4,72K","-0,55%"
"19.06.2020","3.748,00","3.751,20","3.754,95","3.708,90","0,70K","-0,20%"
"18.06.2020","3.755,37","3.757,48","3.788,37","3.751,33","9,87K","0,20%"
"17.06.2020","3.747,79","3.750,54","3.768,24","3.726,74","4,40K","0,02%"
"16.06.2020","3.747,00","3.775,46","3.775,46","3.718,96","8,10K","-0,86%"
"15.06.2020","3.779,43","3.780,92","3.792,42","3.776,31","6,63K","0,02%"
"12.06.2020","3.778,50","3.773,00","3.782,67","3.737,80","7,08K","0,23%"
"11.06.2020","3.769,89","3.676,82","3.777,86","3.670,64","9,00K","2,67%"
"10.06.2020","3.672,00","3.655,44","3.690,19","3.640,94","8,04K","0,49%"
"09.06.2020","3.654,16","3.610,96","3.668,54","3.606,36","7,66K","1,26%"
"08.06.2020","3.608,61","3.575,98","3.617,32","3.569,78","7,16K","0,99%"
"05.06.2020","3.573,20","3.590,25","3.591,75","3.544,25","8,00K","-0,25%"
"04.06.2020","3.582,00","3.605,20","3.624,87","3.582,00","7,92K","-0,69%"
"03.06.2020","3.607,00","3.633,94","3.635,49","3.560,00","8,04K","-0,75%"
"02.06.2020","3.634,15","3.722,56","3.726,66","3.620,66","8,15K","-2,23%"
"01.06.2020","3.716,89","3.732,76","3.737,26","3.706,76","5,06K","-0,35%"
"29.05.2020","3.730,00","3.700,00","3.738,20","3.694,49","6,09K","0,90%"
"28.05.2020","3.696,67","3.736,49","3.744,72","3.694,83","7,58K","-1,02%"
"27.05.2020","3.734,90","3.729,75","3.754,77","3.726,35","6,79K","0,15%"
"26.05.2020","3.729,27","3.772,95","3.781,24","3.709,64","6,71K","-1,30%"
"25.05.2020","3.778,46","3.773,53","3.780,40","3.768,03","0,18K","0,09%"
"22.05.2020","3.775,03","3.770,80","3.799,80","3.763,00","7,34K","0,19%"
"21.05.2020","3.767,88","3.818,91","3.821,37","3.762,83","7,65K","-1,20%"
"20.05.2020","3.813,55","3.840,24","3.840,24","3.796,54","7,98K","-0,59%"
"19.05.2020","3.836,00","3.853,00","3.857,50","3.809,60","7,44K","-0,43%"
"18.05.2020","3.852,50","3.910,50","3.914,00","3.827,60","8,15K","-1,50%"
"15.05.2020","3.911,28","3.944,50","3.946,50","3.911,28","8,07K","-0,73%"
"14.05.2020","3.940,06","3.916,38","3.962,89","3.910,23","7,37K","0,77%"
"13.05.2020","3.910,01","3.888,16","3.918,88","3.876,16","7,45K","0,75%"
"12.05.2020","3.881,01","3.899,53","3.902,03","3.871,99","4,53K","-0,34%"
"11.05.2020","3.894,41","3.895,68","3.922,54","3.889,69","7,93K","0,04%"
"08.05.2020","3.893,00","3.922,00","3.926,36","3.870,80","7,77K","-0,71%"
"07.05.2020","3.920,89","3.966,18","3.966,93","3.917,01","8,03K","-1,04%"
"06.05.2020","3.962,26","3.932,93","3.974,12","3.931,56","7,99K","0,82%"
"05.05.2020","3.929,99","3.985,42","3.990,91","3.913,91","7,50K","-1,39%"
"04.05.2020","3.985,31","3.960,11","4.015,40","3.960,11","8,47K","0,66%"
"01.05.2020","3.959,00","3.959,43","3.969,97","3.958,63","6,10K","-0,03%"
"30.04.2020","3.960,05","3.926,47","3.970,96","3.918,88","7,45K","0,98%"
"29.04.2020","3.921,50","4.037,50","4.038,50","3.913,50","8,56K","-2,82%"
"28.04.2020","4.035,26","4.062,80","4.066,60","4.027,60","7,23K","-0,54%"
"27.04.2020","4.057,36","4.046,28","4.068,76","4.027,21","7,38K","0,36%"
"24.04.2020","4.043,00","4.024,30","4.048,15","4.016,10","7,81K","0,58%"
"23.04.2020","4.019,76","4.034,65","4.040,31","4.004,64","7,77K","-0,26%"
"22.04.2020","4.030,21","4.049,30","4.060,77","4.017,30","7,39K","-0,38%"
"21.04.2020","4.045,42","3.977,18","4.062,27","3.977,13","8,78K","1,78%"
"20.04.2020","3.974,80","3.938,43","4.002,70","3.937,99","7,39K","0,98%"
"17.04.2020","3.936,25","3.977,80","4.007,49","3.936,25","6,35K","-0,98%"
"16.04.2020","3.975,40","3.918,63","3.988,14","3.898,78","6,39K","1,50%"
"15.04.2020","3.916,47","3.848,51","3.936,36","3.848,51","6,75K","1,70%"
"14.04.2020","3.851,00","3.867,88","3.877,38","3.841,68","6,03K","-0,45%"
"13.04.2020","3.868,35","3.835,45","3.886,97","3.833,77","0,46K","1,08%"
"10.04.2020","3.827,00","3.828,00","3.828,17","3.827,00","0,01K","-0,09%"
"09.04.2020","3.830,44","3.899,35","3.899,35","3.830,44","0,23K","-1,76%"
"08.04.2020","3.899,01","3.906,65","3.918,93","3.861,65","5,61K","-0,18%"
"07.04.2020","3.906,00","3.967,00","3.972,31","3.883,43","4,21K","-1,89%"
"06.04.2020","3.981,36","4.016,00","4.029,32","3.955,56","4,19K","-1,18%"
"03.04.2020","4.029,00","4.039,39","4.054,07","3.994,19","4,25K","-0,25%"
"02.04.2020","4.039,00","4.087,00","4.122,16","4.025,25","4,50K","-1,17%"
"01.04.2020","4.087,00","4.059,00","4.123,18","4.050,82","3,81K","0,67%"
"31.03.2020","4.060,00","4.049,82","4.066,49","4.018,13","4,59K","-0,07%"
"30.03.2020","4.063,00","4.012,00","4.089,59","4.012,00","3,80K","0,94%"
"27.03.2020","4.025,00","3.994,50","4.076,04","3.994,50","2,20K","1,11%"
"26.03.2020","3.981,00","4.064,50","4.069,48","3.961,01","4,11K","-2,09%"
"25.03.2020","4.066,00","4.111,88","4.121,46","4.062,77","3,63K","-1,12%"
"24.03.2020","4.111,88","4.179,00","4.185,15","4.093,54","2,18K","-1,63%"
"23.03.2020","4.180,00","4.119,00","4.204,90","4.111,26","0,67K","1,51%"
"20.03.2020","4.118,00","4.088,00","4.155,19","4.033,01","3,18K","0,70%"
"19.03.2020","4.089,22","4.158,25","4.220,38","4.083,05","2,99K","-1,65%"
"18.03.2020","4.158,00","3.998,75","4.165,70","3.998,75","4,00K","3,99%"
"17.03.2020","3.998,50","4.079,50","4.079,50","3.996,02","3,45K","-2,00%"
"16.03.2020","4.080,00","4.023,00","4.169,95","4.000,38","2,14K","1,22%"
"13.03.2020","4.031,00","4.034,88","4.034,88","3.900,00","0,59K","0,07%"
"12.03.2020","4.028,00","3.889,25","4.068,13","3.885,44","0,11K","3,51%"
"11.03.2020","3.891,50","3.766,06","3.905,20","3.766,06","2,62K","3,36%"
"10.03.2020","3.765,00","3.807,51","3.833,99","3.752,52","6,19K","-1,26%"
"09.03.2020","3.813,01","3.591,75","3.842,55","3.591,50","5,48K","6,23%"
"06.03.2020","3.589,25","3.542,00","3.600,90","3.542,00","8,20K","1,48%"
"05.03.2020","3.537,00","3.477,00","3.544,95","3.475,90","9,88K","1,75%"
"04.03.2020","3.476,00","3.458,00","3.484,60","3.425,00","9,64K","0,37%"
"03.03.2020","3.463,22","3.462,00","3.487,90","3.413,00","6,70K","0,04%"
"02.03.2020","3.462,00","3.525,00","3.548,40","3.458,80","8,09K","-1,84%"
"28.02.2020","3.527,00","3.502,50","3.550,53","3.502,50","6,93K","0,71%"
"27.02.2020","3.502,00","3.458,50","3.521,81","3.458,50","8,08K","1,27%"
"26.02.2020","3.458,00","3.437,50","3.464,59","3.430,60","7,75K","0,63%"
"25.02.2020","3.436,50","3.430,20","3.439,55","3.410,05","0,90K","0,18%"
"24.02.2020","3.430,20","3.380,00","3.442,00","3.380,00","1,26K","1,46%"
"21.02.2020","3.381,00","3.404,40","3.424,80","3.369,00","0,48K","-0,69%"
"20.02.2020","3.404,40","3.385,50","3.416,74","3.385,50","8,94K","0,56%"
"19.02.2020","3.385,50","3.404,40","3.411,50","3.385,50","8,27K","-0,54%"
"18.02.2020","3.403,90","3.397,72","3.420,14","3.391,00","9,34K","0,20%"
"17.02.2020","3.397,22","3.390,50","3.400,03","3.387,30","4,83K","0,17%"
"14.02.2020","3.391,50","3.377,05","3.393,90","3.366,50","7,48K","0,44%"
"13.02.2020","3.376,50","3.388,50","3.409,00","3.373,51","8,13K","-0,34%"
"12.02.2020","3.388,00","3.420,35","3.420,35","3.379,50","7,58K","-0,95%"
"11.02.2020","3.420,35","3.456,50","3.456,50","3.417,70","9,20K","-1,05%"
"10.02.2020","3.456,50","3.416,00","3.457,00","3.416,00","3,49K","1,19%"
"07.02.2020","3.416,00","3.380,45","3.420,00","3.380,45","9,23K","1,07%"
"06.02.2020","3.379,77","3.364,80","3.393,25","3.362,36","7,10K","0,44%"
"05.02.2020","3.364,80","3.362,10","3.370,50","3.339,00","8,60K","0,08%"
"04.02.2020","3.362,10","3.395,50","3.397,49","3.360,00","4,15K","-0,98%"
"03.02.2020","3.395,50","3.419,00","3.421,50","3.394,35","0,68K","-0,72%"
"31.01.2020","3.420,00","3.412,50","3.430,45","3.410,50","5,99K","0,28%"
"30.01.2020","3.410,50","3.387,30","3.419,00","3.387,30","5,66K","0,68%"
"29.01.2020","3.387,50","3.387,00","3.403,50","3.378,65","6,21K","-0,16%"
"28.01.2020","3.393,00","3.400,90","3.402,40","3.384,55","5,53K","-0,23%"
"27.01.2020","3.400,90","3.365,00","3.406,00","3.365,00","5,77K","1,07%"
"24.01.2020","3.365,00","3.361,32","3.380,77","3.349,00","6,02K","0,15%"
"23.01.2020","3.360,00","3.330,50","3.371,60","3.324,39","5,90K","0,86%"
"22.01.2020","3.331,50","3.356,10","3.356,22","3.326,70","5,70K","-0,73%"
"21.01.2020","3.356,10","3.332,50","3.357,89","3.332,50","4,84K","0,71%"
"20.01.2020","3.332,50","3.333,25","3.333,25","3.332,50","","0,00%"
"17.01.2020","3.332,50","3.325,75","3.334,00","3.307,69","6,23K","0,29%"
"16.01.2020","3.322,85","3.299,65","3.328,45","3.293,00","6,45K","0,78%"
"15.01.2020","3.297,00","3.287,10","3.308,00","3.282,50","6,60K","0,26%"
"14.01.2020","3.288,60","3.269,25","3.290,99","3.256,05","6,57K","0,55%"
"13.01.2020","3.270,75","3.272,20","3.301,30","3.268,25","6,03K","-0,04%"
"10.01.2020","3.272,20","3.256,90","3.291,50","3.251,00","6,25K","0,51%"
"09.01.2020","3.255,50","3.245,50","3.265,61","3.241,25","5,67K","0,26%"
"08.01.2020","3.247,00","3.277,25","3.280,50","3.241,00","5,96K","-0,48%"
"07.01.2020","3.262,50","3.245,71","3.266,15","3.245,71","0,24K","0,50%"
"06.01.2020","3.246,21","3.252,00","3.256,32","3.242,81","3,52K","-0,24%"
"03.01.2020","3.254,00","3.253,00","3.282,25","3.247,20","6,42K","0,00%"
"02.01.2020","3.254,00","3.290,23","3.291,73","3.251,25","5,55K","-1,01%"
"01.01.2020","3.287,23","3.287,23","3.287,23","3.287,23","","0,00%"
"31.12.2019","3.287,23","3.284,76","3.287,23","3.280,00","0,03K","0,08%"
"30.12.2019","3.284,76","3.299,38","3.300,24","3.263,85","5,11K","-0,47%"
"27.12.2019","3.300,25","3.289,25","3.300,25","3.283,00","0,25K","0,33%"
"26.12.2019","3.289,25","3.298,00","3.298,00","3.270,00","2,47K","-0,32%"
"25.12.2019","3.299,84","3.296,50","3.300,44","3.296,50","5,63K","0,06%"
"24.12.2019","3.298,00","3.311,51","3.314,51","3.297,00","5,14K","-0,42%"
"23.12.2019","3.312,00","3.331,00","3.334,00","3.309,00","5,44K","-0,62%"
"20.12.2019","3.332,50","3.314,50","3.336,23","3.311,05","5,98K","0,50%"
"19.12.2019","3.316,00","3.328,00","3.333,82","3.313,00","6,09K","-0,29%"
"18.12.2019","3.325,50","3.339,70","3.351,90","3.316,10","6,24K","-0,50%"
"17.12.2019","3.342,09","3.351,10","3.356,05","3.335,00","6,07K","-0,36%"
"16.12.2019","3.354,00","3.386,00","3.390,50","3.352,82","6,03K","-0,95%"
"13.12.2019","3.386,00","3.374,50","3.389,48","3.362,00","6,30K","0,42%"
"12.12.2019","3.372,00","3.377,00","3.380,42","3.359,20","6,01K","-0,13%"
"11.12.2019","3.376,24","3.405,50","3.408,00","3.375,89","6,33K","-0,89%"
"10.12.2019","3.406,50","3.416,80","3.429,74","3.403,77","6,33K","-0,28%"
"09.12.2019","3.416,00","3.423,50","3.429,93","3.406,50","6,31K","-0,25%"
"06.12.2019","3.424,50","3.458,90","3.462,40","3.408,50","6,63K","-1,14%"
"05.12.2019","3.464,00","3.469,50","3.472,70","3.449,45","6,55K","-0,20%"
"04.12.2019","3.471,00","3.503,90","3.507,39","3.466,45","6,38K","-0,93%"
"03.12.2019","3.503,50","3.508,20","3.524,10","3.493,05","6,54K","-0,01%"
"02.12.2019","3.504,00","3.516,50","3.526,70","3.484,30","6,40K","-0,40%"
"29.11.2019","3.518,00","3.511,11","3.549,20","3.503,50","5,82K","0,14%"
"28.11.2019","3.513,00","3.505,00","3.521,09","3.505,00","5,14K","0,21%"
"27.11.2019","3.505,50","3.475,50","3.523,46","3.470,50","6,46K","0,83%"
"26.11.2019","3.476,50","3.434,75","3.477,44","3.434,75","6,77K","1,17%"
"25.11.2019","3.436,25","3.426,75","3.454,00","3.412,50","6,55K","0,30%"
"22.11.2019","3.426,00","3.420,15","3.432,49","3.395,30","5,98K","0,15%"
"21.11.2019","3.420,90","3.445,90","3.457,99","3.418,51","6,04K","-0,64%"
"20.11.2019","3.443,10","3.439,10","3.460,28","3.433,70","6,46K","0,09%"
"19.11.2019","3.440,10","3.442,50","3.445,50","3.421,00","6,58K","-0,07%"
"18.11.2019","3.442,50","3.426,95","3.461,26","3.423,97","6,05K","0,45%"
"15.11.2019","3.426,95","3.454,00","3.454,00","3.414,35","4,49K","-0,78%"
"14.11.2019","3.454,00","3.428,25","3.460,25","3.428,25","6,66K","0,75%"
"13.11.2019","3.428,25","3.409,95","3.454,85","3.409,95","7,46K","0,54%"
"12.11.2019","3.409,95","3.337,50","3.412,00","3.337,50","8,94K","2,12%"
"11.11.2019","3.339,00","3.341,00","3.341,27","3.339,00","0,01K","0,00%"
"08.11.2019","3.339,00","3.319,00","3.349,34","3.319,00","6,68K","0,60%"
"07.11.2019","3.319,00","3.338,15","3.341,15","3.316,50","6,92K","-0,59%"
"06.11.2019","3.338,65","3.311,00","3.343,38","3.295,06","6,96K","0,85%"
"05.11.2019","3.310,50","3.323,50","3.329,45","3.310,00","3,51K","-0,36%"
"04.11.2019","3.322,50","3.321,00","3.331,06","3.316,14","4,34K","0,03%"
"01.11.2019","3.321,50","3.380,00","3.382,29","3.321,50","10,01K","-1,73%"
"31.10.2019","3.380,00","3.390,40","3.393,34","3.373,50","8,82K","-0,31%"
"30.10.2019","3.390,40","3.376,05","3.395,22","3.376,00","6,11K","0,43%"
"29.10.2019","3.376,00","3.383,20","3.388,85","3.374,55","8,85K","-0,19%"
"28.10.2019","3.382,50","3.396,50","3.400,68","3.378,26","9,06K","-0,40%"
"25.10.2019","3.396,00","3.405,00","3.407,50","3.385,55","7,30K","-0,30%"
"24.10.2019","3.406,05","3.391,50","3.406,91","3.368,50","6,64K","0,37%"
"23.10.2019","3.393,36","3.431,00","3.437,62","3.392,00","3,86K","-1,10%"
"22.10.2019","3.431,00","3.449,00","3.451,00","3.421,20","6,43K","-0,52%"
"21.10.2019","3.449,00","3.426,50","3.449,00","3.423,64","6,12K","0,66%"
"18.10.2019","3.426,50","3.450,50","3.452,50","3.418,40","6,17K","-0,71%"
"17.10.2019","3.451,00","3.459,00","3.475,95","3.450,00","6,37K","-0,23%"
"16.10.2019","3.459,00","3.452,50","3.466,20","3.445,50","6,31K","0,19%"
"15.10.2019","3.452,50","3.428,20","3.460,10","3.426,50","5,61K","0,68%"
"14.10.2019","3.429,20","3.429,20","3.432,20","3.429,20","","0,00%"
"11.10.2019","3.429,20","3.460,99","3.463,48","3.423,00","6,41K","-0,89%"
"10.10.2019","3.459,99","3.466,80","3.472,50","3.450,00","5,79K","-0,19%"
"09.10.2019","3.466,50","3.451,25","3.466,97","3.437,45","6,34K","0,43%"
"08.10.2019","3.451,50","3.451,25","3.464,76","3.441,35","6,10K","0,01%"
"07.10.2019","3.451,00","3.434,50","3.454,14","3.434,50","5,78K","0,48%"
"04.10.2019","3.434,50","3.448,50","3.453,85","3.420,50","6,09K","-0,36%"
"03.10.2019","3.447,00","3.495,75","3.498,53","3.447,00","5,78K","-1,40%"
"02.10.2019","3.496,00","3.496,75","3.504,00","3.486,50","6,39K","0,01%"
"01.10.2019","3.495,50","3.479,25","3.499,20","3.478,05","6,02K","0,45%"
"30.09.2019","3.480,00","3.459,80","3.491,10","3.458,80","4,74K","0,58%"
"27.09.2019","3.459,80","3.447,00","3.475,72","3.445,00","6,32K","0,37%"
"26.09.2019","3.447,00","3.432,00","3.452,48","3.418,00","6,16K","0,44%"
"25.09.2019","3.432,00","3.436,00","3.462,50","3.432,00","5,80K","-0,11%"
"24.09.2019","3.435,75","3.439,25","3.443,25","3.430,30","5,49K","-0,12%"
"23.09.2019","3.439,75","3.417,40","3.444,67","3.417,40","5,69K","0,64%"
"20.09.2019","3.417,90","3.384,50","3.422,40","3.384,50","6,14K","0,99%"
"19.09.2019","3.384,50","3.372,31","3.387,49","3.367,00","5,86K","0,27%"
"18.09.2019","3.375,50","3.384,60","3.388,45","3.368,65","5,65K","-0,28%"
"17.09.2019","3.385,10","3.365,48","3.388,39","3.365,48","6,32K","0,61%"
"16.09.2019","3.364,50","3.363,95","3.375,19","3.347,47","8,33K","0,02%"
"13.09.2019","3.363,95","3.365,50","3.370,53","3.346,50","7,50K","-0,05%"
"12.09.2019","3.365,50","3.376,60","3.378,59","3.351,50","9,14K","-0,31%"
"11.09.2019","3.376,10","3.361,53","3.383,45","3.356,38","8,44K","0,40%"
"10.09.2019","3.362,53","3.371,70","3.390,67","3.358,02","9,08K","-0,28%"
"09.09.2019","3.371,95","3.354,50","3.377,28","3.347,76","8,00K","0,51%"
"06.09.2019","3.354,75","3.378,00","3.382,16","3.353,22","6,33K","-0,69%"
"05.09.2019","3.378,00","3.396,70","3.398,70","3.369,20","4,74K","-0,52%"
"04.09.2019","3.395,70","3.443,23","3.445,23","3.386,65","8,89K","-1,38%"
"03.09.2019","3.443,23","3.440,15","3.454,47","3.421,30","8,46K","0,02%"
"02.09.2019","3.442,65","3.444,65","3.453,38","3.442,23","0,01K","0,00%"
"30.08.2019","3.442,65","3.439,08","3.448,27","3.410,50","6,79K","0,11%"
"29.08.2019","3.439,00","3.476,05","3.495,59","3.439,00","6,37K","-1,09%"
"28.08.2019","3.477,00","3.471,23","3.492,72","3.468,19","8,48K","0,20%"
"27.08.2019","3.469,98","3.433,75","3.480,50","3.425,00","6,75K","1,04%"
"26.08.2019","3.434,25","3.424,49","3.434,25","3.412,60","1,62K","0,29%"
"23.08.2019","3.424,49","3.391,23","3.424,96","3.389,00","8,10K","1,00%"
"22.08.2019","3.390,48","3.386,88","3.390,50","3.363,98","7,71K","0,09%"
"21.08.2019","3.387,38","3.408,23","3.413,25","3.375,24","7,65K","-0,61%"
"20.08.2019","3.408,23","3.436,38","3.456,63","3.406,83","8,04K","-0,80%"
"19.08.2019","3.435,88","3.435,88","3.446,07","3.429,97","3,68K","0,00%"
"16.08.2019","3.435,88","3.471,30","3.473,80","3.427,39","7,53K","-1,03%"
"15.08.2019","3.471,80","3.458,68","3.473,74","3.433,95","7,75K","0,38%"
"14.08.2019","3.458,68","3.412,80","3.463,25","3.412,80","8,39K","1,36%"
"13.08.2019","3.412,30","3.427,03","3.449,08","3.374,50","8,18K","-0,43%"
"12.08.2019","3.427,03","3.395,50","3.462,28","3.395,50","6,39K","0,93%"
"09.08.2019","3.395,50","3.368,83","3.399,85","3.356,44","8,44K","0,79%"
"08.08.2019","3.368,83","3.447,50","3.449,50","3.367,45","8,38K","-2,28%"
"07.08.2019","3.447,59","3.427,00","3.451,74","3.427,00","5,27K","0,57%"
"06.08.2019","3.428,00","3.456,45","3.458,95","3.412,53","8,42K","-0,82%"
"05.08.2019","3.456,50","3.385,75","3.482,04","3.385,75","8,34K","2,13%"
"02.08.2019","3.384,50","3.340,95","3.387,32","3.336,30","8,51K","1,30%"
"01.08.2019","3.340,95","3.280,68","3.343,85","3.280,68","8,74K","1,83%"
"31.07.2019","3.280,93","3.302,00","3.302,00","3.278,40","2,56K","-0,58%"
"30.07.2019","3.300,01","3.286,91","3.306,66","3.279,66","7,70K","0,50%"
"29.07.2019","3.283,62","3.241,61","3.287,90","3.231,30","7,73K","1,37%"
"26.07.2019","3.239,30","3.217,40","3.242,80","3.210,00","7,95K","0,68%"
"25.07.2019","3.217,40","3.199,78","3.224,45","3.194,05","7,95K","0,55%"
"24.07.2019","3.199,78","3.189,33","3.208,88","3.178,31","7,86K","0,34%"
"23.07.2019","3.189,00","3.178,00","3.192,75","3.178,00","7,21K","0,33%"
"22.07.2019","3.178,50","3.173,58","3.182,00","3.168,50","7,04K","0,12%"
"19.07.2019","3.174,58","3.178,25","3.180,81","3.164,50","6,25K","-0,03%"
"18.07.2019","3.175,50","3.186,50","3.193,12","3.175,50","7,01K","-0,28%"
"17.07.2019","3.184,41","3.202,60","3.203,11","3.184,41","7,85K","-0,52%"
"16.07.2019","3.200,95","3.190,40","3.205,50","3.188,08","8,18K","0,34%"
"15.07.2019","3.190,06","3.194,98","3.198,26","3.180,72","6,66K","-0,08%"
"12.07.2019","3.192,75","3.198,85","3.200,85","3.186,38","6,88K","-0,21%"
"11.07.2019","3.199,35","3.207,25","3.208,00","3.190,55","5,76K","-0,18%"
"10.07.2019","3.205,06","3.219,91","3.220,24","3.205,06","8,45K","-0,38%"
"09.07.2019","3.217,22","3.219,00","3.232,21","3.216,00","7,83K","-0,01%"
"08.07.2019","3.217,43","3.210,89","3.220,18","3.198,77","6,41K","0,16%"
"05.07.2019","3.212,18","3.194,25","3.230,32","3.194,25","4,90K","0,56%"
"04.07.2019","3.194,25","3.199,00","3.201,74","3.190,06","2,41K","-0,10%"
"03.07.2019","3.197,48","3.210,95","3.217,30","3.190,11","7,70K","-0,39%"
"02.07.2019","3.209,86","3.205,68","3.224,98","3.195,99","6,37K","0,12%"
"01.07.2019","3.206,05","3.215,61","3.215,61","3.201,78","4,82K","-0,21%"
"28.06.2019","3.212,75","3.197,90","3.215,07","3.191,51","7,01K","0,47%"
"27.06.2019","3.197,65","3.185,08","3.204,98","3.182,05","7,37K","0,37%"
"26.06.2019","3.185,73","3.192,85","3.198,13","3.172,06","7,59K","-0,12%"
"25.06.2019","3.189,53","3.189,93","3.198,93","3.178,93","6,52K","-0,22%"
"24.06.2019","3.196,50","3.207,00","3.207,00","3.192,75","0,03K","-0,22%"
"21.06.2019","3.203,50","3.192,98","3.204,80","3.180,53","7,29K","0,39%"
"20.06.2019","3.191,00","3.241,00","3.242,50","3.190,98","7,59K","-1,54%"
"19.06.2019","3.241,00","3.255,60","3.263,00","3.238,53","6,47K","-0,43%"
"18.06.2019","3.255,10","3.286,23","3.287,97","3.252,53","7,63K","-0,90%"
"17.06.2019","3.284,75","3.271,97","3.293,47","3.263,72","6,83K","0,35%"
"14.06.2019","3.273,25","3.271,00","3.281,80","3.265,00","4,74K","0,14%"
"13.06.2019","3.268,81","3.267,63","3.272,59","3.260,18","8,34K","0,02%"
"12.06.2019","3.268,13","3.260,05","3.276,65","3.256,10","5,45K","0,30%"
"11.06.2019","3.258,43","3.261,32","3.262,19","3.240,28","8,23K","-0,03%"
"10.06.2019","3.259,31","3.269,92","3.271,17","3.251,48","7,90K","-0,29%"
"07.06.2019","3.268,75","3.290,98","3.290,98","3.265,50","8,68K","-0,69%"
"06.06.2019","3.291,48","3.306,50","3.308,50","3.283,47","9,21K","-0,44%"
"05.06.2019","3.306,00","3.292,83","3.308,30","3.284,13","10,62K","0,42%"
"04.06.2019","3.292,33","3.374,00","3.374,49","3.288,10","9,55K","-2,49%"
"03.06.2019","3.376,24","3.378,86","3.383,22","3.370,35","2,96K","-0,11%"
"31.05.2019","3.380,00","3.367,98","3.397,83","3.367,00","7,57K","0,45%"
"30.05.2019","3.364,98","3.352,30","3.366,95","3.347,65","8,87K","0,36%"
"29.05.2019","3.352,80","3.377,10","3.394,63","3.352,80","10,05K","-0,70%"
"28.05.2019","3.376,60","3.359,43","3.382,50","3.346,32","7,23K","0,52%"
"27.05.2019","3.359,18","3.359,18","3.359,18","3.359,05","","0,00%"
"24.05.2019","3.359,18","3.377,38","3.377,38","3.350,25","10,06K","-0,56%"
"23.05.2019","3.378,13","3.336,03","3.385,45","3.332,83","12,35K","1,26%"
"22.05.2019","3.336,03","3.341,55","3.352,23","3.323,76","11,80K","-0,15%"
"21.05.2019","3.341,05","3.352,03","3.364,09","3.330,00","11,40K","-0,36%"
"20.05.2019","3.353,03","3.323,03","3.364,48","3.311,15","9,91K","0,95%"
"17.05.2019","3.321,53","3.299,00","3.322,00","3.295,70","11,00K","0,67%"
"16.05.2019","3.299,50","3.284,75","3.303,25","3.279,94","10,57K","0,45%"
"15.05.2019","3.284,75","3.290,60","3.314,35","3.282,00","9,19K","-0,19%"
"14.05.2019","3.291,10","3.305,48","3.306,73","3.274,65","3,87K","-0,41%"
"13.05.2019","3.304,73","3.273,85","3.308,93","3.270,82","3,32K","0,95%"
"10.05.2019","3.273,60","3.275,90","3.288,00","3.260,63","7,77K","-0,10%"
"09.05.2019","3.276,90","3.293,93","3.318,83","3.273,10","8,42K","-0,50%"
"08.05.2019","3.293,50","3.300,65","3.309,85","3.277,78","6,69K","-0,23%"
"07.05.2019","3.301,15","3.255,75","3.302,85","3.251,94","4,34K","1,41%"
"06.05.2019","3.255,25","3.237,20","3.263,35","3.237,20","5,40K","0,54%"
"03.05.2019","3.237,70","3.258,50","3.258,50","3.236,93","7,68K","-0,61%"
"02.05.2019","3.257,50","3.228,75","3.268,25","3.228,75","7,38K","0,78%"
"01.05.2019","3.232,25","3.236,25","3.236,77","3.227,25","1,98K","-0,03%"
"30.04.2019","3.233,25","3.250,03","3.254,24","3.225,01","2,83K","-0,52%"
"29.04.2019","3.250,20","3.228,30","3.251,15","3.226,25","1,69K","0,65%"
"26.04.2019","3.229,05","3.235,85","3.238,35","3.215,25","3,52K","-0,16%"
"25.04.2019","3.234,35","3.220,03","3.246,50","3.216,51","5,96K","0,38%"
"24.04.2019","3.222,03","3.180,93","3.233,00","3.177,86","6,21K","1,31%"
"23.04.2019","3.180,43","3.156,38","3.189,95","3.150,50","5,51K","0,76%"
"22.04.2019","3.156,38","3.148,75","3.158,00","3.140,20","2,13K","0,16%"
"19.04.2019","3.151,25","3.151,25","3.159,33","3.151,00","0,59K","0,00%"
"18.04.2019","3.151,25","3.160,50","3.165,53","3.151,25","1,46K","-0,21%"
"17.04.2019","3.158,00","3.163,48","3.171,40","3.147,30","5,45K","-0,17%"
"16.04.2019","3.163,48","3.140,43","3.172,50","3.132,50","7,04K","0,75%"
"15.04.2019","3.139,93","3.115,03","3.147,35","3.109,50","5,85K","0,78%"
"12.04.2019","3.115,53","3.120,55","3.121,50","3.098,00","6,11K","-0,16%"
"11.04.2019","3.120,55","3.096,18","3.125,80","3.096,18","5,78K","0,81%"
"10.04.2019","3.095,43","3.103,20","3.103,20","3.092,62","6,46K","-0,24%"
"09.04.2019","3.102,95","3.114,75","3.118,10","3.099,13","4,93K","-0,39%"
"08.04.2019","3.115,25","3.124,48","3.124,48","3.112,31","2,48K","-0,30%"
"05.04.2019","3.124,48","3.129,93","3.131,28","3.120,70","6,19K","-0,17%"
"04.04.2019","3.129,68","3.123,33","3.138,88","3.123,33","5,72K","0,20%"
"03.04.2019","3.123,50","3.146,55","3.146,55","3.121,08","5,90K","-0,72%"
"02.04.2019","3.146,05","3.142,65","3.152,83","3.131,15","7,45K","0,11%"
"01.04.2019","3.142,65","3.188,03","3.188,74","3.138,01","4,40K","-1,42%"
"29.03.2019","3.188,03","3.175,45","3.189,90","3.157,59","6,90K","0,40%"
"28.03.2019","3.175,45","3.175,80","3.207,00","3.174,34","5,03K","-0,04%"
"27.03.2019","3.176,80","3.156,90","3.200,35","3.153,75","4,64K","0,66%"
"26.03.2019","3.155,90","3.128,63","3.160,15","3.126,85","4,29K","0,77%"
"25.03.2019","3.131,63","3.134,30","3.139,51","3.128,63","2,45K","-0,01%"
"22.03.2019","3.131,80","3.089,00","3.142,36","3.086,96","4,78K","1,39%"
"21.03.2019","3.089,00","3.089,00","3.091,18","3.073,00","4,98K","0,03%"
"20.03.2019","3.088,00","3.097,80","3.103,95","3.081,63","5,15K","-0,32%"
"19.03.2019","3.097,80","3.100,00","3.101,50","3.089,45","5,06K","-0,07%"
"18.03.2019","3.100,00","3.121,50","3.121,50","3.092,20","4,40K","-0,69%"
"15.03.2019","3.121,50","3.142,00","3.144,00","3.111,03","5,08K","-0,65%"
"14.03.2019","3.142,00","3.145,55","3.158,50","3.135,14","5,33K","-0,11%"
"13.03.2019","3.145,55","3.148,50","3.154,94","3.131,50","5,16K","-0,09%"
"12.03.2019","3.148,50","3.178,70","3.179,70","3.142,92","5,46K","-0,95%"
"11.03.2019","3.178,70","3.172,80","3.182,50","3.150,80","5,64K","0,15%"
"08.03.2019","3.173,80","3.142,50","3.176,00","3.142,50","4,02K","0,98%"
"07.03.2019","3.143,00","3.107,45","3.147,90","3.103,81","4,93K","1,19%"
"06.03.2019","3.105,95","3.098,35","3.109,40","3.096,50","6,27K","0,20%"
"05.03.2019","3.099,85","3.096,95","3.105,17","3.093,86","7,26K","0,14%"
"04.03.2019","3.095,45","3.096,15","3.099,80","3.087,00","6,35K","-0,02%"
"01.03.2019","3.096,15","3.081,75","3.099,05","3.078,67","5,22K","0,48%"
"28.02.2019","3.081,50","3.070,25","3.084,50","3.066,00","5,41K","0,36%"
"27.02.2019","3.070,50","3.081,00","3.084,00","3.065,15","5,24K","-0,41%"
"26.02.2019","3.083,00","3.105,00","3.112,74","3.082,40","1,89K","-0,71%"
"25.02.2019","3.105,00","3.110,00","3.118,94","3.088,30","5,12K","-0,11%"
"22.02.2019","3.108,50","3.124,40","3.125,00","3.105,89","5,43K","-0,49%"
"21.02.2019","3.123,90","3.110,90","3.127,60","3.107,70","5,00K","0,42%"
"20.02.2019","3.110,90","3.115,75","3.120,75","3.106,86","5,78K","-0,16%"
"19.02.2019","3.115,75","3.133,00","3.133,00","3.111,70","4,58K","-0,58%"
"18.02.2019","3.134,00","3.134,00","3.138,62","3.125,40","1,74K","0,00%"
"15.02.2019","3.134,00","3.151,60","3.155,70","3.133,00","4,88K","-0,54%"
"14.02.2019","3.151,10","3.141,00","3.164,45","3.137,85","4,55K","0,32%"
"13.02.2019","3.141,00","3.126,50","3.144,15","3.125,22","4,43K","0,47%"
"12.02.2019","3.126,25","3.138,63","3.143,50","3.120,10","4,16K","-0,40%"
"11.02.2019","3.138,88","3.115,55","3.143,45","3.110,50","3,83K","0,73%"
"08.02.2019","3.116,05","3.117,70","3.125,02","3.103,10","3,98K","-0,05%"
"07.02.2019","3.117,70","3.106,50","3.119,20","3.101,75","4,38K","0,38%"
"06.02.2019","3.106,00","3.108,99","3.119,30","3.099,15","3,39K","-0,13%"
"05.02.2019","3.109,99","3.088,60","3.110,99","3.081,00","4,04K","0,73%"
"04.02.2019","3.087,60","3.089,90","3.101,90","3.082,55","3,92K","-0,07%"
"01.02.2019","3.089,90","3.105,25","3.116,98","3.089,40","3,50K","-0,49%"
"31.01.2019","3.105,00","3.163,45","3.163,45","3.102,49","5,29K","-1,84%"
"30.01.2019","3.163,20","3.154,10","3.168,50","3.147,50","4,27K","0,29%"
"29.01.2019","3.154,10","3.158,00","3.166,00","3.147,00","4,54K","-0,12%"
"28.01.2019","3.158,00","3.151,99","3.175,01","3.151,99","3,11K","0,19%"
"25.01.2019","3.151,99","3.171,00","3.171,00","3.137,18","4,78K","-0,60%"
"24.01.2019","3.171,00","3.152,65","3.173,53","3.149,65","4,52K","0,61%"
"23.01.2019","3.151,90","3.144,49","3.154,20","3.137,12","4,44K","0,19%"
"22.01.2019","3.145,99","3.126,50","3.146,00","3.123,38","4,31K","0,62%"
"21.01.2019","3.126,50","3.124,00","3.131,00","3.124,00","0,55K","0,08%"
"18.01.2019","3.124,00","3.132,55","3.134,30","3.110,06","4,15K","-0,27%"
"17.01.2019","3.132,55","3.117,85","3.150,25","3.117,85","5,45K","0,48%"
"16.01.2019","3.117,60","3.141,28","3.142,78","3.113,00","","-0,75%"
"15.01.2019","3.141,28","3.139,60","3.151,80","3.127,10","4,14K","0,05%"
"14.01.2019","3.139,60","3.138,15","3.158,78","3.132,40","0,04K","0,01%"
"11.01.2019","3.139,15","3.138,40","3.164,70","3.136,17","4,02K","0,05%"
"10.01.2019","3.137,65","3.136,00","3.147,80","3.118,01","","0,05%"
"09.01.2019","3.136,00","3.151,20","3.151,20","3.117,01","","-0,48%"
"08.01.2019","3.151,20","3.181,25","3.184,19","3.147,00","0,12K","-0,97%"
"07.01.2019","3.181,99","3.193,65","3.194,65","3.181,99","0,00K","-0,35%"
"04.01.2019","3.193,15","3.244,50","3.245,50","3.189,96","0,00K","-1,58%"
"03.01.2019","3.244,50","3.239,00","3.260,25","3.225,27","0,04K","0,17%"
"02.01.2019","3.239,00","3.246,50","3.265,49","3.235,08","0,05K","-0,26%"
"01.01.2019","3.247,50","3.247,50","3.248,50","3.247,50","0,11K","0,00%"
"31.12.2018","3.247,50","3.247,50","3.247,50","3.247,50","","0,00%"
"28.12.2018","3.247,50","3.274,50","3.282,50","3.239,50","","-0,85%"
"27.12.2018","3.275,50","3.285,00","3.285,00","3.265,50","","-0,29%"
"26.12.2018","3.285,00","3.294,00","3.303,50","3.281,00","","-0,30%"
"25.12.2018","3.295,00","3.295,00","3.295,00","3.295,00","","0,00%"
"24.12.2018","3.295,00","3.295,50","3.297,00","3.280,55","","0,03%"
"21.12.2018","3.294,00","3.270,00","3.297,30","3.263,40","","0,73%"
"20.12.2018","3.270,00","3.219,27","3.270,00","3.218,50","","1,59%"
"19.12.2018","3.218,77","3.205,06","3.221,75","3.202,97","","0,39%"
"18.12.2018","3.206,18","3.180,88","3.209,30","3.177,70","","0,82%"
"17.12.2018","3.180,00","3.195,10","3.197,00","3.174,93","","-0,47%"
"14.12.2018","3.195,10","3.179,75","3.205,00","3.177,82","","0,48%"
"13.12.2018","3.179,75","3.169,50","3.182,03","3.168,75","","0,32%"
"12.12.2018","3.169,50","3.186,25","3.186,75","3.161,50","","-0,52%"
"11.12.2018","3.186,00","3.191,30","3.192,55","3.175,65","","-0,17%"
"10.12.2018","3.191,30","3.146,60","3.192,78","3.141,15","","1,36%"
"07.12.2018","3.148,50","3.187,65","3.189,15","3.140,05","","-1,19%"
"06.12.2018","3.186,50","3.161,50","3.195,31","3.157,82","","0,84%"
"05.12.2018","3.159,86","3.178,22","3.184,52","3.154,77","","-0,51%"
"04.12.2018","3.176,20","3.189,00","3.189,08","3.164,15","","-0,40%"
"03.12.2018","3.189,00","3.234,50","3.235,50","3.186,81","","-1,39%"
"30.11.2018","3.234,00","3.237,95","3.251,00","3.227,00","","-0,15%"
"29.11.2018","3.238,95","3.268,50","3.270,53","3.230,55","","-0,98%"
"28.11.2018","3.271,00","3.266,90","3.296,39","3.258,50","","0,23%"
"27.11.2018","3.263,40","3.244,00","3.266,01","3.229,10","","0,57%"
"26.11.2018","3.244,75","3.228,00","3.248,73","3.221,60","","0,52%"
"23.11.2018","3.228,00","3.189,50","3.238,60","3.189,50","","1,16%"
"22.11.2018","3.191,00","3.194,03","3.196,16","3.191,00","","-0,06%"
"21.11.2018","3.192,91","3.198,72","3.204,72","3.189,45","","-0,15%"
"20.11.2018","3.197,60","3.175,20","3.200,00","3.174,50","","0,68%"
"19.11.2018","3.175,95","3.168,35","3.184,99","3.166,89","","0,24%"
"16.11.2018","3.168,35","3.190,00","3.192,50","3.164,39","","-0,68%"
"15.11.2018","3.190,00","3.204,20","3.210,35","3.185,00","","-0,44%"
"14.11.2018","3.204,20","3.188,31","3.205,20","3.184,15","","0,50%"
"13.11.2018","3.188,31","3.176,50","3.206,25","3.176,35","","0,32%"
"12.11.2018","3.178,00","3.182,25","3.182,75","3.175,00","","-0,06%"
"09.11.2018","3.180,00","3.152,58","3.185,30","3.150,30","","0,86%"
"08.11.2018","3.152,95","3.129,01","3.160,01","3.127,88","","0,77%"
"07.11.2018","3.129,01","3.148,51","3.150,28","3.127,53","","-0,59%"
"06.11.2018","3.147,50","3.181,63","3.185,77","3.144,90","","-1,08%"
"05.11.2018","3.182,00","3.187,13","3.187,50","3.181,75","","-0,13%"
"02.11.2018","3.186,26","3.193,47","3.196,72","3.167,05","","-0,25%"
"01.11.2018","3.194,10","3.218,88","3.221,76","3.182,05","","-0,79%"